run-id,run-name,output-filepath,renderer-variant,variable,to-use-scene,to-load-texture,use-vfc,scene-variant,scene-importer,scene-path,warmup-frames,measure-frames,auto-terminate,vsync,camera-mode,camera-filepath,camera-keyframe-interval,to-set-start-frame,key-frame,profile-window-frames,capture-frames,capture-output-dir,capture-stride,capture-fps,window-width,window-height,seed,material-assign-strategy,material-assign-max-open,material-assign-locality,material-assign-diversity,camera-pos-x,camera-pos-y,camera-pos-z,camera-lookat-x,camera-lookat-y,camera-lookat-z,camera-near-z,camera-far-z,camera-fov,object-count,material-count,geometry-count,overdraw-count,to-remain-only-in-camera,z-min,z-max,xy-minmax,radius,geometry-div,gbuffer-cnt,texture-count,texture-size,texture-sampling-count,alu-calc-count,pass_name_0,pass_0_time_avg_ms,pass_name_1,pass_1_time_avg_ms,pass_name_2,pass_2_time_avg_ms,pass_name_3,pass_3_time_avg_ms,pass_name_4,pass_4_time_avg_ms,pass_name_5,pass_5_time_avg_ms,pass_name_6,pass_6_time_avg_ms,pass_name_7,pass_7_time_avg_ms,pass_name_8,pass_8_time_avg_ms,pass_name_9,pass_9_time_avg_ms,pass_name_10,pass_10_time_avg_ms,pass_name_11,pass_11_time_avg_ms,pass_name_12,pass_12_time_avg_ms,pass_name_13,pass_13_time_avg_ms,pass_name_14,pass_14_time_avg_ms,pass_name_15,pass_15_time_avg_ms,pass_name_16,pass_16_time_avg_ms,pass_name_17,pass_17_time_avg_ms,pass_name_18,pass_18_time_avg_ms,pass_name_19,pass_19_time_avg_ms,pass_name_20,pass_20_time_avg_ms,pass_name_21,pass_21_time_avg_ms,pass_name_22,pass_22_time_avg_ms,pass_name_23,pass_23_time_avg_ms,pass_name_24,pass_24_time_avg_ms,pass_name_25,pass_25_time_avg_ms,pass_name_26,pass_26_time_avg_ms,pass_name_27,pass_27_time_avg_ms,pass_name_28,pass_28_time_avg_ms,pass_name_29,pass_29_time_avg_ms,pass_name_30,pass_30_time_avg_ms,pass_name_31,pass_31_time_avg_ms,renderer_name,run_current_time,camera-mode-name,total_time_min_ms,total_time_median_ms,total_time_max_ms,total_time_avg_ms,total_time_p01_ms,total_time_p10_ms,total_time_p90_ms,total_time_p99_ms,variable-geometry-count,variable-overdraw-count,variable-waste-quad-count,variable-alu-op-count,param_renderer_variant,param_variable,param_to_use_scene,param_to_load_texture,param_use_vfc,param_scene_variant,param_scene_importer,param_scene_path,param_warmup_frames,param_measure_frames,param_vsync,param_camera_mode,param_camera_filepath,param_camera_keyframe_interval,param_to_set_start_frame,param_key_frame,param_profile_window_frames,param_capture_frames,param_capture_stride,param_capture_fps,param_window_width,param_window_height,param_seed,param_material_assign_strategy,param_material_assign_max_open,param_material_assign_locality,param_material_assign_diversity,param_geometry_div,param_camera_pos_x,param_camera_pos_y,param_camera_pos_z,param_camera_lookat_x,param_camera_lookat_y,param_camera_lookat_z,param_camera_near_z,param_camera_far_z,param_camera_fov,param_object_count,param_material_count,param_geometry_count,param_overdraw_count,param_to_remain_only_in_camera,param_z_min,param_z_max,param_xy_minmax,param_radius,param_gbuffer_cnt,param_texture_count,param_texture_size,param_texture_sampling_count,param_alu_calc_count,runner_experiment,runner_repeat,runner_run_index,runner_result_row,runner_status,runner_return_code,runner_error,runner_stderr,runner_skip_reason,runner_missing_assets
0,25_real_texture_vfc_ablation_quick,${RUN_TEMP}\run_00000.csv,8,0,1,0,1,0,assimp,../../../../../assets/scenes/unpacked/main_sponza/NewSponza_Main_glTF_003.gltf,60,600,1,0,2,../../../../../scripts/standard_camera.csv,10,0,0,60,0,captures,1,60,1920,1080,0,1,255,1,1,0,0,-10,0,0,0,0.1,1000,0.785,1,1,1,0,0,-1,1,1,0.5,1,1,1,256,1,100,total,0.34351,depth_prepass,0.05476,geometry,0.15637,lighting,0.08675,tonemap,0.03110,,0.00000,,0.00000,,0.00000,,0.00000,,0.00000,,0.00000,,0.00000,,0.00000,,0.00000,,0.00000,,0.00000,,0.00000,,0.00000,,0.00000,,0.00000,,0.00000,,0.00000,,0.00000,,0.00000,,0.00000,,0.00000,,0.00000,,0.00000,,0.00000,,0.00000,,0.00000,,0.00000,DonutDeferredPrepass,2026-07-29T21:31:58,playback,0.26915,0.33680,0.53702,0.34351,0.28189,0.30000,0.39357,0.46589,4,0,1,100,8,0,1,0,1,0,assimp,../../../../../assets/scenes/unpacked/main_sponza/NewSponza_Main_glTF_003.gltf,60,600,0,2,../../../../../scripts/standard_camera.csv,10,0,0,60,0,1,60,1920,1080,0,1,255,1.0,1.0,1,0.0,0.0,-10.0,0.0,0.0,0.0,0.1,1000.0,0.785,1,1,1,0,0,-1.0,1.0,1.0,0.5,1,1,256,1,100,25_real_texture_vfc_ablation_quick,0,0,0,success,0,,"Scene CPU cache disabled; rebuilding source scene.
[FrameCounter] frames{720} measure_start{60} measure_end{660} sample_count{600} window_frames{60}
Saved CSV: ${RUN_TEMP}\run_00000.csv_0_result.csv
Log saved to: ${REPOSITORY_ROOT}\out\build\x64-Release\bin\Release\logs\log_2026-07-29_21-32-00.txt",,
1,25_real_texture_vfc_ablation_quick,${RUN_TEMP}\run_00001.csv,8,1,1,1,1,0,assimp,../../../../../assets/scenes/unpacked/main_sponza/NewSponza_Main_glTF_003.gltf,60,600,1,0,2,../../../../../scripts/standard_camera.csv,10,0,0,60,0,captures,1,60,1920,1080,0,1,255,1,1,0,0,-10,0,0,0,0.1,1000,0.785,1,1,1,0,0,-1,1,1,0.5,1,1,1,256,1,100,total,1.29114,depth_prepass,0.07873,geometry,1.05904,lighting,0.09828,tonemap,0.03796,,0.00000,,0.00000,,0.00000,,0.00000,,0.00000,,0.00000,,0.00000,,0.00000,,0.00000,,0.00000,,0.00000,,0.00000,,0.00000,,0.00000,,0.00000,,0.00000,,0.00000,,0.00000,,0.00000,,0.00000,,0.00000,,0.00000,,0.00000,,0.00000,,0.00000,,0.00000,,0.00000,DonutDeferredPrepass,2026-07-29T21:32:01,playback,0.82842,1.24723,1.98230,1.29114,0.88378,1.01357,1.65744,1.82486,4,0,1,100,8,1,1,1,1,0,assimp,../../../../../assets/scenes/unpacked/main_sponza/NewSponza_Main_glTF_003.gltf,60,600,0,2,../../../../../scripts/standard_camera.csv,10,0,0,60,0,1,60,1920,1080,0,1,255,1.0,1.0,1,0.0,0.0,-10.0,0.0,0.0,0.0,0.1,1000.0,0.785,1,1,1,0,0,-1.0,1.0,1.0,0.5,1,1,256,1,100,25_real_texture_vfc_ablation_quick,0,1,0,success,0,,"Scene CPU cache disabled; rebuilding source scene.
[FrameCounter] frames{720} measure_start{60} measure_end{660} sample_count{600} window_frames{60}
Saved CSV: ${RUN_TEMP}\run_00001.csv_1_result.csv
Log saved to: ${REPOSITORY_ROOT}\out\build\x64-Release\bin\Release\logs\log_2026-07-29_21-32-22.txt",,
2,25_real_texture_vfc_ablation_quick,${RUN_TEMP}\run_00002.csv,9,2,1,0,1,0,assimp,../../../../../assets/scenes/unpacked/main_sponza/NewSponza_Main_glTF_003.gltf,60,600,1,0,2,../../../../../scripts/standard_camera.csv,10,0,0,60,0,captures,1,60,1920,1080,0,1,255,1,1,0,0,-10,0,0,0,0.1,1000,0.785,1,1,1,0,0,-1,1,1,0.5,1,1,1,256,1,100,total,0.49600,visibility,0.09680,visutil_histogram,0.02711,visutil_prefix,0.00216,visutil_flatten,0.03947,gbuffer,0.17525,lighting,0.09256,tonemap,0.03025,,0.00000,,0.00000,,0.00000,,0.00000,,0.00000,,0.00000,,0.00000,,0.00000,,0.00000,,0.00000,,0.00000,,0.00000,,0.00000,,0.00000,,0.00000,,0.00000,,0.00000,,0.00000,,0.00000,,0.00000,,0.00000,,0.00000,,0.00000,,0.00000,DonutVisGBuffer,2026-07-29T21:32:22,playback,0.44422,0.48515,0.75853,0.49600,0.44797,0.46077,0.54970,0.61434,4,0,1,100,9,2,1,0,1,0,assimp,../../../../../assets/scenes/unpacked/main_sponza/NewSponza_Main_glTF_003.gltf,60,600,0,2,../../../../../scripts/standard_camera.csv,10,0,0,60,0,1,60,1920,1080,0,1,255,1.0,1.0,1,0.0,0.0,-10.0,0.0,0.0,0.0,0.1,1000.0,0.785,1,1,1,0,0,-1.0,1.0,1.0,0.5,1,1,256,1,100,25_real_texture_vfc_ablation_quick,0,2,0,success,0,,"Scene CPU cache disabled; rebuilding source scene.
[FrameCounter] frames{720} measure_start{60} measure_end{660} sample_count{600} window_frames{60}
Saved CSV: ${RUN_TEMP}\run_00002.csv_2_result.csv
Log saved to: ${REPOSITORY_ROOT}\out\build\x64-Release\bin\Release\logs\log_2026-07-29_21-32-24.txt",,
3,25_real_texture_vfc_ablation_quick,${RUN_TEMP}\run_00003.csv,9,3,1,1,1,0,assimp,../../../../../assets/scenes/unpacked/main_sponza/NewSponza_Main_glTF_003.gltf,60,600,1,0,2,../../../../../scripts/standard_camera.csv,10,0,0,60,0,captures,1,60,1920,1080,0,1,255,1,1,0,0,-10,0,0,0,0.1,1000,0.785,1,1,1,0,0,-1,1,1,0.5,1,1,1,256,1,100,total,1.72173,visibility,0.12015,visutil_histogram,0.02798,visutil_prefix,0.00237,visutil_flatten,0.03904,gbuffer,1.36748,lighting,0.09768,tonemap,0.03780,,0.00000,,0.00000,,0.00000,,0.00000,,0.00000,,0.00000,,0.00000,,0.00000,,0.00000,,0.00000,,0.00000,,0.00000,,0.00000,,0.00000,,0.00000,,0.00000,,0.00000,,0.00000,,0.00000,,0.00000,,0.00000,,0.00000,,0.00000,,0.00000,DonutVisGBuffer,2026-07-29T21:32:24,playback,0.94774,1.64858,3.04419,1.72173,0.97811,1.15968,2.50986,2.88832,4,0,1,100,9,3,1,1,1,0,assimp,../../../../../assets/scenes/unpacked/main_sponza/NewSponza_Main_glTF_003.gltf,60,600,0,2,../../../../../scripts/standard_camera.csv,10,0,0,60,0,1,60,1920,1080,0,1,255,1.0,1.0,1,0.0,0.0,-10.0,0.0,0.0,0.0,0.1,1000.0,0.785,1,1,1,0,0,-1.0,1.0,1.0,0.5,1,1,256,1,100,25_real_texture_vfc_ablation_quick,0,3,0,success,0,,"Scene CPU cache disabled; rebuilding source scene.
[FrameCounter] frames{720} measure_start{60} measure_end{660} sample_count{600} window_frames{60}
Saved CSV: ${RUN_TEMP}\run_00003.csv_3_result.csv
Log saved to: ${REPOSITORY_ROOT}\out\build\x64-Release\bin\Release\logs\log_2026-07-29_21-32-47.txt",,
4,25_real_texture_vfc_ablation_quick,${RUN_TEMP}\run_00004.csv,8,4,1,1,0,0,assimp,../../../../../assets/scenes/unpacked/main_sponza/NewSponza_Main_glTF_003.gltf,60,600,1,0,2,../../../../../scripts/standard_camera.csv,10,0,0,60,0,captures,1,60,1920,1080,0,1,255,1,1,0,0,-10,0,0,0,0.1,1000,0.785,1,1,1,0,0,-1,1,1,0.5,1,1,1,256,1,100,total,1.62148,depth_prepass,0.27324,geometry,1.19828,lighting,0.09635,tonemap,0.03876,,0.00000,,0.00000,,0.00000,,0.00000,,0.00000,,0.00000,,0.00000,,0.00000,,0.00000,,0.00000,,0.00000,,0.00000,,0.00000,,0.00000,,0.00000,,0.00000,,0.00000,,0.00000,,0.00000,,0.00000,,0.00000,,0.00000,,0.00000,,0.00000,,0.00000,,0.00000,,0.00000,DonutDeferredPrepass,2026-07-29T21:32:47,playback,1.20307,1.55357,2.83200,1.62148,1.22627,1.32966,1.89053,2.70122,4,0,1,100,8,4,1,1,0,0,assimp,../../../../../assets/scenes/unpacked/main_sponza/NewSponza_Main_glTF_003.gltf,60,600,0,2,../../../../../scripts/standard_camera.csv,10,0,0,60,0,1,60,1920,1080,0,1,255,1.0,1.0,1,0.0,0.0,-10.0,0.0,0.0,0.0,0.1,1000.0,0.785,1,1,1,0,0,-1.0,1.0,1.0,0.5,1,1,256,1,100,25_real_texture_vfc_ablation_quick,0,4,0,success,0,,"Scene CPU cache disabled; rebuilding source scene.
[FrameCounter] frames{720} measure_start{60} measure_end{660} sample_count{600} window_frames{60}
Saved CSV: ${RUN_TEMP}\run_00004.csv_4_result.csv
Log saved to: ${REPOSITORY_ROOT}\out\build\x64-Release\bin\Release\logs\log_2026-07-29_21-33-08.txt",,
5,25_real_texture_vfc_ablation_quick,${RUN_TEMP}\run_00005.csv,8,5,1,1,1,0,assimp,../../../../../assets/scenes/unpacked/main_sponza/NewSponza_Main_glTF_003.gltf,60,600,1,0,2,../../../../../scripts/standard_camera.csv,10,0,0,60,0,captures,1,60,1920,1080,0,1,255,1,1,0,0,-10,0,0,0,0.1,1000,0.785,1,1,1,0,0,-1,1,1,0.5,1,1,1,256,1,100,total,1.26843,depth_prepass,0.07878,geometry,1.04165,lighting,0.09447,tonemap,0.03793,,0.00000,,0.00000,,0.00000,,0.00000,,0.00000,,0.00000,,0.00000,,0.00000,,0.00000,,0.00000,,0.00000,,0.00000,,0.00000,,0.00000,,0.00000,,0.00000,,0.00000,,0.00000,,0.00000,,0.00000,,0.00000,,0.00000,,0.00000,,0.00000,,0.00000,,0.00000,,0.00000,DonutDeferredPrepass,2026-07-29T21:33:08,playback,0.83046,1.22435,2.18378,1.26843,0.87584,0.96762,1.63312,1.81530,4,0,1,100,8,5,1,1,1,0,assimp,../../../../../assets/scenes/unpacked/main_sponza/NewSponza_Main_glTF_003.gltf,60,600,0,2,../../../../../scripts/standard_camera.csv,10,0,0,60,0,1,60,1920,1080,0,1,255,1.0,1.0,1,0.0,0.0,-10.0,0.0,0.0,0.0,0.1,1000.0,0.785,1,1,1,0,0,-1.0,1.0,1.0,0.5,1,1,256,1,100,25_real_texture_vfc_ablation_quick,0,5,0,success,0,,"Scene CPU cache disabled; rebuilding source scene.
[FrameCounter] frames{720} measure_start{60} measure_end{660} sample_count{600} window_frames{60}
Saved CSV: ${RUN_TEMP}\run_00005.csv_5_result.csv
Log saved to: ${REPOSITORY_ROOT}\out\build\x64-Release\bin\Release\logs\log_2026-07-29_21-33-29.txt",,
6,25_real_texture_vfc_ablation_quick,${RUN_TEMP}\run_00006.csv,9,6,1,1,0,0,assimp,../../../../../assets/scenes/unpacked/main_sponza/NewSponza_Main_glTF_003.gltf,60,600,1,0,2,../../../../../scripts/standard_camera.csv,10,0,0,60,0,captures,1,60,1920,1080,0,1,255,1,1,0,0,-10,0,0,0,0.1,1000,0.785,1,1,1,0,0,-1,1,1,0.5,1,1,1,256,1,100,total,1.98128,visibility,0.38516,visutil_histogram,0.03226,visutil_prefix,0.00264,visutil_flatten,0.03926,gbuffer,1.35959,lighting,0.09664,tonemap,0.03771,,0.00000,,0.00000,,0.00000,,0.00000,,0.00000,,0.00000,,0.00000,,0.00000,,0.00000,,0.00000,,0.00000,,0.00000,,0.00000,,0.00000,,0.00000,,0.00000,,0.00000,,0.00000,,0.00000,,0.00000,,0.00000,,0.00000,,0.00000,,0.00000,DonutVisGBuffer,2026-07-29T21:33:29,playback,1.22051,1.91686,3.48835,1.98128,1.25824,1.44922,2.76509,3.16710,4,0,1,100,9,6,1,1,0,0,assimp,../../../../../assets/scenes/unpacked/main_sponza/NewSponza_Main_glTF_003.gltf,60,600,0,2,../../../../../scripts/standard_camera.csv,10,0,0,60,0,1,60,1920,1080,0,1,255,1.0,1.0,1,0.0,0.0,-10.0,0.0,0.0,0.0,0.1,1000.0,0.785,1,1,1,0,0,-1.0,1.0,1.0,0.5,1,1,256,1,100,25_real_texture_vfc_ablation_quick,0,6,0,success,0,,"Scene CPU cache disabled; rebuilding source scene.
[FrameCounter] frames{720} measure_start{60} measure_end{660} sample_count{600} window_frames{60}
Saved CSV: ${RUN_TEMP}\run_00006.csv_6_result.csv
Log saved to: ${REPOSITORY_ROOT}\out\build\x64-Release\bin\Release\logs\log_2026-07-29_21-33-51.txt",,
7,25_real_texture_vfc_ablation_quick,${RUN_TEMP}\run_00007.csv,9,7,1,1,1,0,assimp,../../../../../assets/scenes/unpacked/main_sponza/NewSponza_Main_glTF_003.gltf,60,600,1,0,2,../../../../../scripts/standard_camera.csv,10,0,0,60,0,captures,1,60,1920,1080,0,1,255,1,1,0,0,-10,0,0,0,0.1,1000,0.785,1,1,1,0,0,-1,1,1,0.5,1,1,1,256,1,100,total,1.72007,visibility,0.11945,visutil_histogram,0.02777,visutil_prefix,0.00241,visutil_flatten,0.03933,gbuffer,1.36801,lighting,0.09696,tonemap,0.03778,,0.00000,,0.00000,,0.00000,,0.00000,,0.00000,,0.00000,,0.00000,,0.00000,,0.00000,,0.00000,,0.00000,,0.00000,,0.00000,,0.00000,,0.00000,,0.00000,,0.00000,,0.00000,,0.00000,,0.00000,,0.00000,,0.00000,,0.00000,,0.00000,DonutVisGBuffer,2026-07-29T21:33:51,playback,0.94026,1.64774,3.03360,1.72007,0.97645,1.16778,2.49587,2.89008,4,0,1,100,9,7,1,1,1,0,assimp,../../../../../assets/scenes/unpacked/main_sponza/NewSponza_Main_glTF_003.gltf,60,600,0,2,../../../../../scripts/standard_camera.csv,10,0,0,60,0,1,60,1920,1080,0,1,255,1.0,1.0,1,0.0,0.0,-10.0,0.0,0.0,0.0,0.1,1000.0,0.785,1,1,1,0,0,-1.0,1.0,1.0,0.5,1,1,256,1,100,25_real_texture_vfc_ablation_quick,0,7,0,success,0,,"Scene CPU cache disabled; rebuilding source scene.
[FrameCounter] frames{720} measure_start{60} measure_end{660} sample_count{600} window_frames{60}
Saved CSV: ${RUN_TEMP}\run_00007.csv_7_result.csv
Log saved to: ${REPOSITORY_ROOT}\out\build\x64-Release\bin\Release\logs\log_2026-07-29_21-34-12.txt",,
8,25_real_texture_vfc_ablation_quick,${RUN_TEMP}\run_00008.csv,8,8,1,0,1,0,assimp,../../../../../assets/scenes/unpacked/Bistro_v5_2/BistroExterior.fbx,60,600,1,0,2,../../../../../scripts/standard_camera_bistro.csv,10,0,0,60,0,captures,1,60,1920,1080,0,1,255,1,1,0,0,-10,0,0,0,0.1,1000,0.785,1,1,1,0,0,-1,1,1,0.5,1,1,1,256,1,100,total,0.52189,depth_prepass,0.15006,geometry,0.23066,lighting,0.09028,tonemap,0.03628,,0.00000,,0.00000,,0.00000,,0.00000,,0.00000,,0.00000,,0.00000,,0.00000,,0.00000,,0.00000,,0.00000,,0.00000,,0.00000,,0.00000,,0.00000,,0.00000,,0.00000,,0.00000,,0.00000,,0.00000,,0.00000,,0.00000,,0.00000,,0.00000,,0.00000,,0.00000,,0.00000,DonutDeferredPrepass,2026-07-29T21:34:12,playback,0.36918,0.53507,0.79811,0.52189,0.37866,0.40285,0.63366,0.66227,4,0,1,100,8,8,1,0,1,0,assimp,../../../../../assets/scenes/unpacked/Bistro_v5_2/BistroExterior.fbx,60,600,0,2,../../../../../scripts/standard_camera_bistro.csv,10,0,0,60,0,1,60,1920,1080,0,1,255,1.0,1.0,1,0.0,0.0,-10.0,0.0,0.0,0.0,0.1,1000.0,0.785,1,1,1,0,0,-1.0,1.0,1.0,0.5,1,1,256,1,100,25_real_texture_vfc_ablation_quick,0,8,0,success,0,,"Scene CPU cache disabled; rebuilding source scene.
[FrameCounter] frames{720} measure_start{60} measure_end{660} sample_count{600} window_frames{60}
Saved CSV: ${RUN_TEMP}\run_00008.csv_8_result.csv
Log saved to: ${REPOSITORY_ROOT}\out\build\x64-Release\bin\Release\logs\log_2026-07-29_21-34-16.txt",,
9,25_real_texture_vfc_ablation_quick,${RUN_TEMP}\run_00009.csv,8,9,1,1,1,0,assimp,../../../../../assets/scenes/unpacked/Bistro_v5_2/BistroExterior.fbx,60,600,1,0,2,../../../../../scripts/standard_camera_bistro.csv,10,0,0,60,0,captures,1,60,1920,1080,0,1,255,1,1,0,0,-10,0,0,0,0.1,1000,0.785,1,1,1,0,0,-1,1,1,0.5,1,1,1,256,1,100,total,0.60628,depth_prepass,0.16920,geometry,0.26768,lighting,0.10636,tonemap,0.04743,,0.00000,,0.00000,,0.00000,,0.00000,,0.00000,,0.00000,,0.00000,,0.00000,,0.00000,,0.00000,,0.00000,,0.00000,,0.00000,,0.00000,,0.00000,,0.00000,,0.00000,,0.00000,,0.00000,,0.00000,,0.00000,,0.00000,,0.00000,,0.00000,,0.00000,,0.00000,,0.00000,DonutDeferredPrepass,2026-07-29T21:34:16,playback,0.42890,0.57229,1.17104,0.60628,0.43088,0.46522,0.74387,0.95418,4,0,1,100,8,9,1,1,1,0,assimp,../../../../../assets/scenes/unpacked/Bistro_v5_2/BistroExterior.fbx,60,600,0,2,../../../../../scripts/standard_camera_bistro.csv,10,0,0,60,0,1,60,1920,1080,0,1,255,1.0,1.0,1,0.0,0.0,-10.0,0.0,0.0,0.0,0.1,1000.0,0.785,1,1,1,0,0,-1.0,1.0,1.0,0.5,1,1,256,1,100,25_real_texture_vfc_ablation_quick,0,9,0,success,0,,"Scene CPU cache disabled; rebuilding source scene.
[FrameCounter] frames{720} measure_start{60} measure_end{660} sample_count{600} window_frames{60}
Saved CSV: ${RUN_TEMP}\run_00009.csv_9_result.csv
Log saved to: ${REPOSITORY_ROOT}\out\build\x64-Release\bin\Release\logs\log_2026-07-29_21-34-22.txt",,
10,25_real_texture_vfc_ablation_quick,${RUN_TEMP}\run_00010.csv,9,10,1,0,1,0,assimp,../../../../../assets/scenes/unpacked/Bistro_v5_2/BistroExterior.fbx,60,600,1,0,2,../../../../../scripts/standard_camera_bistro.csv,10,0,0,60,0,captures,1,60,1920,1080,0,1,255,1,1,0,0,-10,0,0,0,0.1,1000,0.785,1,1,1,0,0,-1,1,1,0.5,1,1,1,256,1,100,total,0.64902,visibility,0.23850,visutil_histogram,0.02961,visutil_prefix,0.00221,visutil_flatten,0.03993,gbuffer,0.17580,lighting,0.09511,tonemap,0.03504,,0.00000,,0.00000,,0.00000,,0.00000,,0.00000,,0.00000,,0.00000,,0.00000,,0.00000,,0.00000,,0.00000,,0.00000,,0.00000,,0.00000,,0.00000,,0.00000,,0.00000,,0.00000,,0.00000,,0.00000,,0.00000,,0.00000,,0.00000,,0.00000,DonutVisGBuffer,2026-07-29T21:34:22,playback,0.52128,0.66787,0.88237,0.64902,0.52768,0.55245,0.70611,0.78374,4,0,1,100,9,10,1,0,1,0,assimp,../../../../../assets/scenes/unpacked/Bistro_v5_2/BistroExterior.fbx,60,600,0,2,../../../../../scripts/standard_camera_bistro.csv,10,0,0,60,0,1,60,1920,1080,0,1,255,1.0,1.0,1,0.0,0.0,-10.0,0.0,0.0,0.0,0.1,1000.0,0.785,1,1,1,0,0,-1.0,1.0,1.0,0.5,1,1,256,1,100,25_real_texture_vfc_ablation_quick,0,10,0,success,0,,"Scene CPU cache disabled; rebuilding source scene.
[FrameCounter] frames{720} measure_start{60} measure_end{660} sample_count{600} window_frames{60}
Saved CSV: ${RUN_TEMP}\run_00010.csv_10_result.csv
Log saved to: ${REPOSITORY_ROOT}\out\build\x64-Release\bin\Release\logs\log_2026-07-29_21-34-27.txt",,
11,25_real_texture_vfc_ablation_quick,${RUN_TEMP}\run_00011.csv,9,11,1,1,1,0,assimp,../../../../../assets/scenes/unpacked/Bistro_v5_2/BistroExterior.fbx,60,600,1,0,2,../../../../../scripts/standard_camera_bistro.csv,10,0,0,60,0,captures,1,60,1920,1080,0,1,255,1,1,0,0,-10,0,0,0,0.1,1000,0.785,1,1,1,0,0,-1,1,1,0.5,1,1,1,256,1,100,total,0.76628,visibility,0.25355,visutil_histogram,0.03005,visutil_prefix,0.00217,visutil_flatten,0.04027,gbuffer,0.24769,lighting,0.11525,tonemap,0.04423,,0.00000,,0.00000,,0.00000,,0.00000,,0.00000,,0.00000,,0.00000,,0.00000,,0.00000,,0.00000,,0.00000,,0.00000,,0.00000,,0.00000,,0.00000,,0.00000,,0.00000,,0.00000,,0.00000,,0.00000,,0.00000,,0.00000,,0.00000,,0.00000,DonutVisGBuffer,2026-07-29T21:34:27,playback,0.57718,0.75136,1.16029,0.76628,0.59027,0.65706,0.90003,1.11318,4,0,1,100,9,11,1,1,1,0,assimp,../../../../../assets/scenes/unpacked/Bistro_v5_2/BistroExterior.fbx,60,600,0,2,../../../../../scripts/standard_camera_bistro.csv,10,0,0,60,0,1,60,1920,1080,0,1,255,1.0,1.0,1,0.0,0.0,-10.0,0.0,0.0,0.0,0.1,1000.0,0.785,1,1,1,0,0,-1.0,1.0,1.0,0.5,1,1,256,1,100,25_real_texture_vfc_ablation_quick,0,11,0,success,0,,"Scene CPU cache disabled; rebuilding source scene.
[FrameCounter] frames{720} measure_start{60} measure_end{660} sample_count{600} window_frames{60}
Saved CSV: ${RUN_TEMP}\run_00011.csv_11_result.csv
Log saved to: ${REPOSITORY_ROOT}\out\build\x64-Release\bin\Release\logs\log_2026-07-29_21-34-33.txt",,
12,25_real_texture_vfc_ablation_quick,${RUN_TEMP}\run_00012.csv,8,12,1,1,0,0,assimp,../../../../../assets/scenes/unpacked/Bistro_v5_2/BistroExterior.fbx,60,600,1,0,2,../../../../../scripts/standard_camera_bistro.csv,10,0,0,60,0,captures,1,60,1920,1080,0,1,255,1,1,0,0,-10,0,0,0,0.1,1000,0.785,1,1,1,0,0,-1,1,1,0.5,1,1,1,256,1,100,total,0.88301,depth_prepass,0.31544,geometry,0.41619,lighting,0.09795,tonemap,0.03905,,0.00000,,0.00000,,0.00000,,0.00000,,0.00000,,0.00000,,0.00000,,0.00000,,0.00000,,0.00000,,0.00000,,0.00000,,0.00000,,0.00000,,0.00000,,0.00000,,0.00000,,0.00000,,0.00000,,0.00000,,0.00000,,0.00000,,0.00000,,0.00000,,0.00000,,0.00000,,0.00000,DonutDeferredPrepass,2026-07-29T21:34:33,playback,0.70598,0.81872,1.44762,0.88301,0.76006,0.77978,1.25738,1.31459,4,0,1,100,8,12,1,1,0,0,assimp,../../../../../assets/scenes/unpacked/Bistro_v5_2/BistroExterior.fbx,60,600,0,2,../../../../../scripts/standard_camera_bistro.csv,10,0,0,60,0,1,60,1920,1080,0,1,255,1.0,1.0,1,0.0,0.0,-10.0,0.0,0.0,0.0,0.1,1000.0,0.785,1,1,1,0,0,-1.0,1.0,1.0,0.5,1,1,256,1,100,25_real_texture_vfc_ablation_quick,0,12,0,success,0,,"Scene CPU cache disabled; rebuilding source scene.
[FrameCounter] frames{720} measure_start{60} measure_end{660} sample_count{600} window_frames{60}
Saved CSV: ${RUN_TEMP}\run_00012.csv_12_result.csv
Log saved to: ${REPOSITORY_ROOT}\out\build\x64-Release\bin\Release\logs\log_2026-07-29_21-34-39.txt",,
13,25_real_texture_vfc_ablation_quick,${RUN_TEMP}\run_00013.csv,8,13,1,1,1,0,assimp,../../../../../assets/scenes/unpacked/Bistro_v5_2/BistroExterior.fbx,60,600,1,0,2,../../../../../scripts/standard_camera_bistro.csv,10,0,0,60,0,captures,1,60,1920,1080,0,1,255,1,1,0,0,-10,0,0,0,0.1,1000,0.785,1,1,1,0,0,-1,1,1,0.5,1,1,1,256,1,100,total,0.59338,depth_prepass,0.16540,geometry,0.26226,lighting,0.10456,tonemap,0.04644,,0.00000,,0.00000,,0.00000,,0.00000,,0.00000,,0.00000,,0.00000,,0.00000,,0.00000,,0.00000,,0.00000,,0.00000,,0.00000,,0.00000,,0.00000,,0.00000,,0.00000,,0.00000,,0.00000,,0.00000,,0.00000,,0.00000,,0.00000,,0.00000,,0.00000,,0.00000,,0.00000,DonutDeferredPrepass,2026-07-29T21:34:39,playback,0.42870,0.56749,0.97674,0.59338,0.43216,0.45661,0.71680,0.94672,4,0,1,100,8,13,1,1,1,0,assimp,../../../../../assets/scenes/unpacked/Bistro_v5_2/BistroExterior.fbx,60,600,0,2,../../../../../scripts/standard_camera_bistro.csv,10,0,0,60,0,1,60,1920,1080,0,1,255,1.0,1.0,1,0.0,0.0,-10.0,0.0,0.0,0.0,0.1,1000.0,0.785,1,1,1,0,0,-1.0,1.0,1.0,0.5,1,1,256,1,100,25_real_texture_vfc_ablation_quick,0,13,0,success,0,,"Scene CPU cache disabled; rebuilding source scene.
[FrameCounter] frames{720} measure_start{60} measure_end{660} sample_count{600} window_frames{60}
Saved CSV: ${RUN_TEMP}\run_00013.csv_13_result.csv
Log saved to: ${REPOSITORY_ROOT}\out\build\x64-Release\bin\Release\logs\log_2026-07-29_21-34-45.txt",,
14,25_real_texture_vfc_ablation_quick,${RUN_TEMP}\run_00014.csv,9,14,1,1,0,0,assimp,../../../../../assets/scenes/unpacked/Bistro_v5_2/BistroExterior.fbx,60,600,1,0,2,../../../../../scripts/standard_camera_bistro.csv,10,0,0,60,0,captures,1,60,1920,1080,0,1,255,1,1,0,0,-10,0,0,0,0.1,1000,0.785,1,1,1,0,0,-1,1,1,0.5,1,1,1,256,1,100,total,0.94418,visibility,0.47027,visutil_histogram,0.03172,visutil_prefix,0.00213,visutil_flatten,0.04063,gbuffer,0.22644,lighting,0.10267,tonemap,0.03821,,0.00000,,0.00000,,0.00000,,0.00000,,0.00000,,0.00000,,0.00000,,0.00000,,0.00000,,0.00000,,0.00000,,0.00000,,0.00000,,0.00000,,0.00000,,0.00000,,0.00000,,0.00000,,0.00000,,0.00000,,0.00000,,0.00000,,0.00000,,0.00000,DonutVisGBuffer,2026-07-29T21:34:45,playback,0.74214,0.94797,1.20528,0.94418,0.74694,0.87443,1.00237,1.06906,4,0,1,100,9,14,1,1,0,0,assimp,../../../../../assets/scenes/unpacked/Bistro_v5_2/BistroExterior.fbx,60,600,0,2,../../../../../scripts/standard_camera_bistro.csv,10,0,0,60,0,1,60,1920,1080,0,1,255,1.0,1.0,1,0.0,0.0,-10.0,0.0,0.0,0.0,0.1,1000.0,0.785,1,1,1,0,0,-1.0,1.0,1.0,0.5,1,1,256,1,100,25_real_texture_vfc_ablation_quick,0,14,0,success,0,,"Scene CPU cache disabled; rebuilding source scene.
[FrameCounter] frames{720} measure_start{60} measure_end{660} sample_count{600} window_frames{60}
Saved CSV: ${RUN_TEMP}\run_00014.csv_14_result.csv
Log saved to: ${REPOSITORY_ROOT}\out\build\x64-Release\bin\Release\logs\log_2026-07-29_21-34-51.txt",,
15,25_real_texture_vfc_ablation_quick,${RUN_TEMP}\run_00015.csv,9,15,1,1,1,0,assimp,../../../../../assets/scenes/unpacked/Bistro_v5_2/BistroExterior.fbx,60,600,1,0,2,../../../../../scripts/standard_camera_bistro.csv,10,0,0,60,0,captures,1,60,1920,1080,0,1,255,1,1,0,0,-10,0,0,0,0.1,1000,0.785,1,1,1,0,0,-1,1,1,0.5,1,1,1,256,1,100,total,0.74586,visibility,0.25000,visutil_histogram,0.02999,visutil_prefix,0.00221,visutil_flatten,0.03991,gbuffer,0.23927,lighting,0.11012,tonemap,0.04153,,0.00000,,0.00000,,0.00000,,0.00000,,0.00000,,0.00000,,0.00000,,0.00000,,0.00000,,0.00000,,0.00000,,0.00000,,0.00000,,0.00000,,0.00000,,0.00000,,0.00000,,0.00000,,0.00000,,0.00000,,0.00000,,0.00000,,0.00000,,0.00000,DonutVisGBuffer,2026-07-29T21:34:51,playback,0.57696,0.74294,1.14752,0.74586,0.59216,0.62026,0.80707,1.10282,4,0,1,100,9,15,1,1,1,0,assimp,../../../../../assets/scenes/unpacked/Bistro_v5_2/BistroExterior.fbx,60,600,0,2,../../../../../scripts/standard_camera_bistro.csv,10,0,0,60,0,1,60,1920,1080,0,1,255,1.0,1.0,1,0.0,0.0,-10.0,0.0,0.0,0.0,0.1,1000.0,0.785,1,1,1,0,0,-1.0,1.0,1.0,0.5,1,1,256,1,100,25_real_texture_vfc_ablation_quick,0,15,0,success,0,,"Scene CPU cache disabled; rebuilding source scene.
[FrameCounter] frames{720} measure_start{60} measure_end{660} sample_count{600} window_frames{60}
Saved CSV: ${RUN_TEMP}\run_00015.csv_15_result.csv
Log saved to: ${REPOSITORY_ROOT}\out\build\x64-Release\bin\Release\logs\log_2026-07-29_21-34-57.txt",,
