scene,resolution,variant,metric,mean_ms,median_ms,p90_ms,p99_ms,min_ms,max_ms
Bistro Exterior,16x9,8,V8 total,0.137013,0.110720,0.284865,0.367280,0.031040,0.370620
Bistro Exterior,16x9,8,V8 depth_prepass,0.053758,0.044320,0.111836,0.145031,0.006220,0.146560
Bistro Exterior,16x9,8,V8 geometry,0.063617,0.046675,0.150340,0.200911,0.005970,0.201730
Bistro Exterior,16x9,9,V9 total,0.164137,0.135765,0.301114,0.379077,0.070690,0.381470
Bistro Exterior,16x9,9,V9 visibility,0.096183,0.069495,0.227831,0.302751,0.010030,0.304980
Bistro Exterior,16x9,9,V9 gbuffer,0.023364,0.022955,0.025764,0.028048,0.018510,0.028430
Bistro Exterior,64x36,8,V8 total,0.146983,0.120995,0.309074,0.396759,0.030800,0.400090
Bistro Exterior,64x36,8,V8 depth_prepass,0.060058,0.048575,0.131153,0.170755,0.006190,0.171920
Bistro Exterior,64x36,8,V8 geometry,0.067423,0.052465,0.154799,0.204250,0.005920,0.205870
Bistro Exterior,64x36,9,V9 total,0.167624,0.139945,0.307159,0.385555,0.070650,0.387330
Bistro Exterior,64x36,9,V9 visibility,0.099673,0.073610,0.233386,0.309530,0.010050,0.311550
Bistro Exterior,64x36,9,V9 gbuffer,0.023610,0.022965,0.026853,0.027765,0.018460,0.028020
Bistro Exterior,256x144,8,V8 total,0.155022,0.126555,0.323761,0.422229,0.031230,0.422730
Bistro Exterior,256x144,8,V8 depth_prepass,0.063484,0.051565,0.139828,0.185646,0.006180,0.186720
Bistro Exterior,256x144,8,V8 geometry,0.071073,0.055880,0.161188,0.212469,0.005960,0.213670
Bistro Exterior,256x144,9,V9 total,0.178172,0.150020,0.318572,0.396248,0.071300,0.396730
Bistro Exterior,256x144,9,V9 visibility,0.106703,0.079290,0.244118,0.319047,0.010160,0.321140
Bistro Exterior,256x144,9,V9 gbuffer,0.025468,0.025195,0.028246,0.029132,0.018870,0.029560
Bistro Exterior,1024x576,8,V8 total,0.200824,0.168050,0.356503,0.448775,0.051580,0.451550
Bistro Exterior,1024x576,8,V8 depth_prepass,0.069391,0.056540,0.144877,0.187833,0.006850,0.189890
Bistro Exterior,1024x576,8,V8 geometry,0.089994,0.070435,0.169931,0.217642,0.005970,0.218470
Bistro Exterior,1024x576,9,V9 total,0.270453,0.252025,0.421012,0.483505,0.100100,0.483550
Bistro Exterior,1024x576,9,V9 visibility,0.127478,0.101930,0.268602,0.350622,0.010920,0.351960
Bistro Exterior,1024x576,9,V9 gbuffer,0.059908,0.062200,0.071380,0.074539,0.018260,0.074730
Bistro Exterior,4096x2304,8,V8 total,1.086988,1.110320,1.216715,1.330558,0.418760,1.333770
Bistro Exterior,4096x2304,8,V8 depth_prepass,0.178748,0.184575,0.242900,0.272045,0.013000,0.273010
Bistro Exterior,4096x2304,8,V8 geometry,0.428248,0.447680,0.502927,0.567207,0.017100,0.573240
Bistro Exterior,4096x2304,9,V9 total,1.694727,1.783040,1.910174,1.972775,0.606460,1.995470
Bistro Exterior,4096x2304,9,V9 visibility,0.341153,0.351305,0.442532,0.487322,0.022600,0.499880
Bistro Exterior,4096x2304,9,V9 gbuffer,0.624265,0.697965,0.734567,0.752371,0.033890,0.753190
Bistro Exterior,8192x4608,8,V8 total,3.932539,4.112480,4.414839,4.576221,1.595250,4.590390
Bistro Exterior,8192x4608,8,V8 depth_prepass,0.457786,0.473530,0.641462,0.697479,0.021870,0.771480
Bistro Exterior,8192x4608,8,V8 geometry,1.511793,1.637510,1.810188,1.900313,0.064940,1.909140
Bistro Exterior,8192x4608,9,V9 total,6.448122,6.882845,7.268950,7.489386,2.171070,7.513310
Bistro Exterior,8192x4608,9,V9 visibility,1.063173,1.099750,1.376166,1.569047,0.046830,1.595810
Bistro Exterior,8192x4608,9,V9 gbuffer,2.375966,2.670360,2.782191,2.876575,0.081770,2.877740
Bistro Interior Wine,16x9,8,V8 total,0.080926,0.084320,0.116392,0.138343,0.028020,0.144780
Bistro Interior Wine,16x9,8,V8 depth_prepass,0.028934,0.031530,0.045544,0.056560,0.004010,0.060620
Bistro Interior Wine,16x9,8,V8 geometry,0.032672,0.036320,0.051242,0.061893,0.005430,0.064200
Bistro Interior Wine,16x9,9,V9 total,0.107654,0.110780,0.131604,0.148261,0.071520,0.154480
Bistro Interior Wine,16x9,9,V9 visibility,0.041159,0.044390,0.064810,0.081290,0.005500,0.087430
Bistro Interior Wine,16x9,9,V9 gbuffer,0.022788,0.022810,0.022894,0.022980,0.022520,0.023000
Bistro Interior Wine,64x36,8,V8 total,0.084090,0.087860,0.123644,0.146538,0.028480,0.153840
Bistro Interior Wine,64x36,8,V8 depth_prepass,0.030847,0.033530,0.049216,0.061561,0.004160,0.066010
Bistro Interior Wine,64x36,8,V8 geometry,0.034071,0.037280,0.054252,0.065411,0.005710,0.068110
Bistro Interior Wine,64x36,9,V9 total,0.108860,0.112250,0.133844,0.151466,0.072000,0.157970
Bistro Interior Wine,64x36,9,V9 visibility,0.042688,0.046100,0.067178,0.084687,0.005760,0.091110
Bistro Interior Wine,64x36,9,V9 gbuffer,0.022874,0.022890,0.022980,0.023055,0.022450,0.023080
Bistro Interior Wine,256x144,8,V8 total,0.085566,0.089020,0.124942,0.149233,0.031370,0.157160
Bistro Interior Wine,256x144,8,V8 depth_prepass,0.031098,0.033330,0.049146,0.062509,0.004660,0.066880
Bistro Interior Wine,256x144,8,V8 geometry,0.034580,0.038010,0.055106,0.066236,0.007390,0.069120
Bistro Interior Wine,256x144,9,V9 total,0.116534,0.121300,0.142238,0.161128,0.076800,0.167840
Bistro Interior Wine,256x144,9,V9 visibility,0.045241,0.048810,0.070940,0.088670,0.006530,0.095320
Bistro Interior Wine,256x144,9,V9 gbuffer,0.024756,0.024880,0.025658,0.025986,0.023270,0.026000
Bistro Interior Wine,1024x576,8,V8 total,0.123211,0.125920,0.155828,0.184192,0.079600,0.191450
Bistro Interior Wine,1024x576,8,V8 depth_prepass,0.031562,0.033230,0.048690,0.062101,0.009000,0.066360
Bistro Interior Wine,1024x576,8,V8 geometry,0.051235,0.049740,0.067718,0.080813,0.031030,0.083000
Bistro Interior Wine,1024x576,9,V9 total,0.201929,0.207980,0.246650,0.280857,0.150330,0.290990
Bistro Interior Wine,1024x576,9,V9 visibility,0.060757,0.063570,0.094712,0.128215,0.015690,0.139110
Bistro Interior Wine,1024x576,9,V9 gbuffer,0.058620,0.059460,0.066018,0.068630,0.033900,0.068700
Bistro Interior Wine,4096x2304,8,V8 total,0.967326,0.988600,1.071800,1.110313,0.658520,1.111780
Bistro Interior Wine,4096x2304,8,V8 depth_prepass,0.100160,0.104720,0.136938,0.159976,0.043220,0.166500
Bistro Interior Wine,4096x2304,8,V8 geometry,0.380872,0.401440,0.435996,0.465140,0.155780,0.465210
Bistro Interior Wine,4096x2304,9,V9 total,1.659263,1.679330,1.808004,1.897549,1.027680,1.920540
Bistro Interior Wine,4096x2304,9,V9 visibility,0.231566,0.232050,0.294390,0.391318,0.139830,0.420410
Bistro Interior Wine,4096x2304,9,V9 gbuffer,0.684563,0.719440,0.751180,0.752582,0.263350,0.752590
Bistro Interior Wine,8192x4608,8,V8 total,3.614067,3.686240,3.935844,4.036263,2.487350,4.038240
Bistro Interior Wine,8192x4608,8,V8 depth_prepass,0.270017,0.270170,0.371530,0.452881,0.131810,0.480940
Bistro Interior Wine,8192x4608,8,V8 geometry,1.378225,1.442660,1.552162,1.676010,0.540620,1.676340
Bistro Interior Wine,8192x4608,9,V9 total,6.412671,6.504750,6.908140,7.075560,3.852140,7.103930
Bistro Interior Wine,8192x4608,9,V9 visibility,0.747236,0.729610,0.914422,1.198173,0.449090,1.277780
Bistro Interior Wine,8192x4608,9,V9 gbuffer,2.622671,2.729940,2.874044,2.894034,0.956440,2.895090
San Miguel,16x9,8,V8 total,0.622291,0.590200,1.148322,1.249278,0.025380,1.250400
San Miguel,16x9,8,V8 depth_prepass,0.257576,0.246640,0.478892,0.530745,0.002980,0.530780
San Miguel,16x9,8,V8 geometry,0.342342,0.320680,0.647382,0.694082,0.003720,0.695560
San Miguel,16x9,9,V9 total,0.620888,0.595060,1.117864,1.193178,0.067910,1.196940
San Miguel,16x9,9,V9 visibility,0.551060,0.525360,1.046068,1.119443,0.003350,1.123060
San Miguel,16x9,9,V9 gbuffer,0.025529,0.025670,0.027252,0.027508,0.021800,0.027600
San Miguel,64x36,8,V8 total,0.655231,0.613300,1.236032,1.365032,0.025580,1.369920
San Miguel,64x36,8,V8 depth_prepass,0.279906,0.259720,0.540498,0.610591,0.003020,0.611220
San Miguel,64x36,8,V8 geometry,0.353178,0.329360,0.670956,0.728410,0.003920,0.731160
San Miguel,64x36,9,V9 total,0.633254,0.607460,1.140844,1.223508,0.068430,1.224810
San Miguel,64x36,9,V9 visibility,0.562639,0.537610,1.069480,1.147290,0.003400,1.147580
San Miguel,64x36,9,V9 gbuffer,0.026046,0.026500,0.027894,0.028074,0.021530,0.028100
San Miguel,256x144,8,V8 total,0.679654,0.631110,1.287654,1.430516,0.027990,1.441080
San Miguel,256x144,8,V8 depth_prepass,0.290762,0.266370,0.566052,0.650731,0.003330,0.655580
San Miguel,256x144,8,V8 geometry,0.365580,0.340900,0.691718,0.753096,0.004860,0.756730
San Miguel,256x144,9,V9 total,0.654339,0.627520,1.176098,1.256680,0.073330,1.256860
San Miguel,256x144,9,V9 visibility,0.577167,0.549630,1.097410,1.176952,0.003930,1.177040
San Miguel,256x144,9,V9 gbuffer,0.031791,0.031700,0.037604,0.040051,0.022860,0.040390
San Miguel,1024x576,8,V8 total,0.739192,0.706170,1.340340,1.492909,0.062600,1.499650
San Miguel,1024x576,8,V8 depth_prepass,0.300297,0.279290,0.583732,0.662568,0.004770,0.668900
San Miguel,1024x576,8,V8 geometry,0.393678,0.378750,0.711466,0.783854,0.018820,0.784400
San Miguel,1024x576,9,V9 total,0.770670,0.747580,1.289558,1.386017,0.127150,1.390100
San Miguel,1024x576,9,V9 visibility,0.609901,0.578640,1.145594,1.224578,0.008830,1.226580
San Miguel,1024x576,9,V9 gbuffer,0.073845,0.069910,0.094592,0.111277,0.041910,0.112650
San Miguel,4096x2304,8,V8 total,1.629022,1.680320,2.178656,2.295104,0.734960,2.349140
San Miguel,4096x2304,8,V8 depth_prepass,0.361694,0.342990,0.634514,0.687064,0.023170,0.687200
San Miguel,4096x2304,8,V8 geometry,0.759793,0.787280,1.047026,1.201014,0.251040,1.228980
San Miguel,4096x2304,9,V9 total,2.244604,2.303430,2.768412,2.885014,1.161570,2.941030
San Miguel,4096x2304,9,V9 visibility,0.798675,0.777230,1.337546,1.401540,0.082160,1.405020
San Miguel,4096x2304,9,V9 gbuffer,0.661474,0.668070,0.761376,0.793868,0.406300,0.798990
San Miguel,8192x4608,8,V8 total,4.647156,4.776130,5.687132,6.091483,2.922030,6.263800
San Miguel,8192x4608,8,V8 depth_prepass,0.591390,0.593630,0.905040,1.009187,0.078170,1.051370
San Miguel,8192x4608,8,V8 geometry,2.027098,1.996230,2.865398,3.086511,0.987810,3.218040
San Miguel,8192x4608,9,V9 total,6.973092,7.078860,7.674038,7.993407,4.644170,8.072730
San Miguel,8192x4608,9,V9 visibility,1.402054,1.458370,1.979092,2.178005,0.305600,2.240740
San Miguel,8192x4608,9,V9 gbuffer,2.416540,2.448980,2.655884,2.729585,1.575150,2.734900
Sponza,16x9,8,V8 total,0.185552,0.157815,0.399554,0.414490,0.019910,0.419570
Sponza,16x9,8,V8 depth_prepass,0.080048,0.067240,0.181085,0.188468,0.001080,0.190370
Sponza,16x9,8,V8 geometry,0.085500,0.071150,0.194867,0.204063,0.000550,0.207220
Sponza,16x9,9,V9 total,0.196724,0.176080,0.380174,0.388472,0.062040,0.389620
Sponza,16x9,9,V9 visibility,0.128872,0.109025,0.304446,0.311746,0.000860,0.312980
Sponza,16x9,9,V9 gbuffer,0.023323,0.023115,0.025858,0.026045,0.018710,0.026070
Sponza,64x36,8,V8 total,0.211349,0.164765,0.478337,0.496625,0.020410,0.497220
Sponza,64x36,8,V8 depth_prepass,0.091276,0.069990,0.222314,0.230604,0.001420,0.231030
Sponza,64x36,8,V8 geometry,0.099973,0.075260,0.234606,0.244829,0.000550,0.245120
Sponza,64x36,9,V9 total,0.207978,0.184245,0.404179,0.411743,0.062000,0.413170
Sponza,64x36,9,V9 visibility,0.136895,0.114165,0.329059,0.335913,0.001190,0.337610
Sponza,64x36,9,V9 gbuffer,0.026380,0.026960,0.028279,0.036318,0.018920,0.037470
Sponza,256x144,8,V8 total,0.229281,0.194415,0.512215,0.523278,0.021110,0.525500
Sponza,256x144,8,V8 depth_prepass,0.093026,0.071190,0.231598,0.239000,0.001590,0.239250
Sponza,256x144,8,V8 geometry,0.114971,0.101890,0.255455,0.260303,0.000770,0.260820
Sponza,256x144,9,V9 total,0.263585,0.263005,0.426821,0.435472,0.063710,0.437370
Sponza,256x144,9,V9 visibility,0.144891,0.124010,0.339225,0.343863,0.001320,0.343900
Sponza,256x144,9,V9 gbuffer,0.072531,0.057705,0.151746,0.197142,0.019070,0.213710
Sponza,1024x576,8,V8 total,0.397185,0.399380,0.653914,0.697841,0.041720,0.698690
Sponza,1024x576,8,V8 depth_prepass,0.094553,0.075840,0.230859,0.238459,0.001570,0.238480
Sponza,1024x576,8,V8 geometry,0.258909,0.265110,0.395518,0.446441,0.001430,0.465190
Sponza,1024x576,9,V9 total,0.546904,0.607000,0.781298,0.893357,0.091300,0.910060
Sponza,1024x576,9,V9 visibility,0.152667,0.137205,0.346931,0.352507,0.001930,0.353840
Sponza,1024x576,9,V9 gbuffer,0.310029,0.327965,0.503960,0.595357,0.018690,0.609830
Sponza,4096x2304,8,V8 total,1.877662,1.891200,2.849422,2.948571,0.404970,2.951060
Sponza,4096x2304,8,V8 depth_prepass,0.145642,0.140490,0.260686,0.278922,0.005480,0.284580
Sponza,4096x2304,8,V8 geometry,1.250833,1.317485,2.137819,2.211621,0.016210,2.237570
Sponza,4096x2304,9,V9 total,2.722585,2.879885,3.910519,4.700994,0.580130,4.744360
Sponza,4096x2304,9,V9 visibility,0.281727,0.280720,0.454350,0.489355,0.010940,0.493820
Sponza,4096x2304,9,V9 gbuffer,1.733689,1.903270,2.840858,3.471403,0.034330,3.528680
Sponza,8192x4608,8,V8 total,5.183818,5.302935,7.452252,7.695853,1.582670,7.705410
Sponza,8192x4608,8,V8 depth_prepass,0.309346,0.310065,0.516007,0.610605,0.013820,0.614750
Sponza,8192x4608,8,V8 geometry,2.945436,3.006340,4.984337,5.490057,0.064190,5.527580
Sponza,8192x4608,9,V9 total,7.516736,7.901855,9.905545,11.199960,2.184410,11.226790
Sponza,8192x4608,9,V9 visibility,0.740712,0.780910,1.188404,1.279509,0.034970,1.331870
Sponza,8192x4608,9,V9 gbuffer,3.872170,3.965970,6.217663,6.867843,0.082270,6.918970
Sun Temple,16x9,8,V8 total,0.054756,0.049305,0.094372,0.095596,0.026620,0.095660
Sun Temple,16x9,8,V8 depth_prepass,0.017493,0.014525,0.037266,0.037771,0.003480,0.037800
Sun Temple,16x9,8,V8 geometry,0.018428,0.015950,0.037243,0.038032,0.004530,0.038110
Sun Temple,16x9,9,V9 total,0.090454,0.086835,0.115851,0.118373,0.070140,0.118520
Sun Temple,16x9,9,V9 visibility,0.024681,0.021015,0.050071,0.051522,0.004450,0.051620
Sun Temple,16x9,9,V9 gbuffer,0.022082,0.022070,0.022232,0.022290,0.021860,0.022300
Sun Temple,64x36,8,V8 total,0.055821,0.049540,0.098265,0.101106,0.026450,0.101140
Sun Temple,64x36,8,V8 depth_prepass,0.018157,0.015125,0.039216,0.040600,0.003710,0.040610
Sun Temple,64x36,8,V8 geometry,0.019055,0.015995,0.039682,0.040951,0.004790,0.040980
Sun Temple,64x36,9,V9 total,0.091662,0.087920,0.118346,0.120331,0.070640,0.120370
Sun Temple,64x36,9,V9 visibility,0.025746,0.021975,0.052292,0.053475,0.004850,0.053480
Sun Temple,64x36,9,V9 gbuffer,0.022398,0.022400,0.022531,0.022580,0.022080,0.022580
Sun Temple,256x144,8,V8 total,0.056997,0.051470,0.098571,0.101735,0.029870,0.101760
Sun Temple,256x144,8,V8 depth_prepass,0.018057,0.015255,0.038773,0.040380,0.004300,0.040390
Sun Temple,256x144,8,V8 geometry,0.019569,0.016995,0.039594,0.041131,0.006350,0.041170
Sun Temple,256x144,9,V9 total,0.096250,0.091770,0.124621,0.126443,0.073720,0.126610
Sun Temple,256x144,9,V9 visibility,0.027447,0.023360,0.055687,0.056594,0.006130,0.056770
Sun Temple,256x144,9,V9 gbuffer,0.023699,0.023555,0.024395,0.024816,0.023000,0.024860
Sun Temple,1024x576,8,V8 total,0.099234,0.095540,0.125343,0.126813,0.070220,0.126980
Sun Temple,1024x576,8,V8 depth_prepass,0.022657,0.021390,0.038556,0.039631,0.008880,0.039660
Sun Temple,1024x576,8,V8 geometry,0.036816,0.035555,0.046590,0.049951,0.021430,0.051230
Sun Temple,1024x576,9,V9 total,0.170107,0.167905,0.195141,0.205837,0.134450,0.210570
Sun Temple,1024x576,9,V9 visibility,0.037438,0.033395,0.064612,0.067870,0.013840,0.069340
Sun Temple,1024x576,9,V9 gbuffer,0.052804,0.054480,0.056807,0.057941,0.041810,0.057980
Sun Temple,4096x2304,8,V8 total,0.904343,0.905610,0.988754,1.034993,0.706160,1.040800
Sun Temple,4096x2304,8,V8 depth_prepass,0.093064,0.094415,0.136823,0.156366,0.032470,0.162530
Sun Temple,4096x2304,8,V8 geometry,0.327558,0.331785,0.377423,0.403237,0.210330,0.411190
Sun Temple,4096x2304,9,V9 total,1.584793,1.618155,1.755167,1.840484,1.179990,1.855390
Sun Temple,4096x2304,9,V9 visibility,0.254623,0.252240,0.336982,0.437567,0.111070,0.452850
Sun Temple,4096x2304,9,V9 gbuffer,0.601285,0.637035,0.664757,0.688470,0.395520,0.707110
Sun Temple,8192x4608,8,V8 total,3.464970,3.481645,3.746196,3.900007,2.748530,3.918720
Sun Temple,8192x4608,8,V8 depth_prepass,0.265274,0.260765,0.360567,0.492389,0.099180,0.508500
Sun Temple,8192x4608,8,V8 geometry,1.228744,1.263010,1.396489,1.460967,0.801360,1.480410
Sun Temple,8192x4608,9,V9 total,6.363117,6.543760,7.094242,7.416066,4.691200,7.430340
Sun Temple,8192x4608,9,V9 visibility,0.909814,0.851190,1.217272,1.596269,0.393710,1.632720
Sun Temple,8192x4608,9,V9 gbuffer,2.428443,2.485370,2.781217,2.833579,1.544750,2.838910
Zero Day Measure One,16x9,8,V8 total,0.423467,0.461120,0.735701,0.817933,0.031740,0.822590
Zero Day Measure One,16x9,8,V8 depth_prepass,0.154313,0.173005,0.268348,0.295695,0.005930,0.297090
Zero Day Measure One,16x9,8,V8 geometry,0.247914,0.266145,0.447428,0.500691,0.007530,0.504000
Zero Day Measure One,16x9,9,V9 total,0.432657,0.464915,0.728356,0.801590,0.075900,0.805640
Zero Day Measure One,16x9,9,V9 visibility,0.360441,0.392070,0.651428,0.725882,0.008970,0.730290
Zero Day Measure One,16x9,9,V9 gbuffer,0.025071,0.025380,0.026742,0.027290,0.022720,0.027360
Zero Day Measure One,64x36,8,V8 total,0.447664,0.493540,0.778932,0.853734,0.031720,0.857750
Zero Day Measure One,64x36,8,V8 depth_prepass,0.172759,0.194925,0.303198,0.328862,0.006060,0.330100
Zero Day Measure One,64x36,8,V8 geometry,0.254177,0.276910,0.454545,0.503526,0.007620,0.506270
Zero Day Measure One,64x36,9,V9 total,0.442724,0.478760,0.740729,0.815989,0.075040,0.820310
Zero Day Measure One,64x36,9,V9 visibility,0.370160,0.404620,0.665381,0.740106,0.009250,0.744430
Zero Day Measure One,64x36,9,V9 gbuffer,0.026016,0.026980,0.027588,0.028674,0.022860,0.028830
Zero Day Measure One,256x144,8,V8 total,0.476931,0.519705,0.842764,0.924955,0.033770,0.929220
Zero Day Measure One,256x144,8,V8 depth_prepass,0.187798,0.205770,0.338457,0.368885,0.006280,0.370280
Zero Day Measure One,256x144,8,V8 geometry,0.266285,0.290135,0.479537,0.533148,0.008810,0.536250
Zero Day Measure One,256x144,9,V9 total,0.464591,0.496260,0.781594,0.864162,0.078630,0.868900
Zero Day Measure One,256x144,9,V9 visibility,0.388744,0.419800,0.702507,0.783809,0.009610,0.788440
Zero Day Measure One,256x144,9,V9 gbuffer,0.028130,0.028060,0.031145,0.031620,0.023750,0.031680
Zero Day Measure One,1024x576,8,V8 total,0.517400,0.544040,0.896150,0.988467,0.080580,0.993690
Zero Day Measure One,1024x576,8,V8 depth_prepass,0.194204,0.207505,0.354386,0.392565,0.010980,0.394640
Zero Day Measure One,1024x576,8,V8 geometry,0.279063,0.292620,0.496305,0.549600,0.030760,0.552630
Zero Day Measure One,1024x576,9,V9 total,0.569198,0.602820,0.904013,0.994382,0.156010,1.000350
Zero Day Measure One,1024x576,9,V9 visibility,0.422974,0.450910,0.749172,0.836162,0.024310,0.841470
Zero Day Measure One,1024x576,9,V9 gbuffer,0.061935,0.065910,0.073958,0.075960,0.039740,0.076230
Zero Day Measure One,4096x2304,8,V8 total,1.286474,1.204540,1.723522,1.804184,0.849790,1.808040
Zero Day Measure One,4096x2304,8,V8 depth_prepass,0.232256,0.242195,0.389496,0.411482,0.054830,0.411720
Zero Day Measure One,4096x2304,8,V8 geometry,0.596163,0.535595,0.863329,0.922142,0.353450,0.926610
Zero Day Measure One,4096x2304,9,V9 total,1.906659,1.833585,2.413900,2.466705,1.479300,2.467230
Zero Day Measure One,4096x2304,9,V9 visibility,0.577137,0.595200,0.936311,0.988826,0.190030,0.989060
Zero Day Measure One,4096x2304,9,V9 gbuffer,0.624547,0.694985,0.741585,0.742874,0.277920,0.742970
Zero Day Measure One,8192x4608,8,V8 total,4.035970,4.124795,4.878030,4.961889,3.013840,4.962110
Zero Day Measure One,8192x4608,8,V8 depth_prepass,0.465938,0.439365,0.651607,0.715416,0.247030,0.722610
Zero Day Measure One,8192x4608,8,V8 geometry,1.742161,1.902095,2.276925,2.374311,0.899230,2.383750
Zero Day Measure One,8192x4608,9,V9 total,6.363146,6.624590,7.294662,7.414949,4.332060,7.431580
Zero Day Measure One,8192x4608,9,V9 visibility,1.142285,1.072980,1.552754,1.670600,0.721170,1.685510
Zero Day Measure One,8192x4608,9,V9 gbuffer,2.364570,2.644470,2.752768,2.760526,1.056730,2.761500
