frame,total,raster_stats,index_count
0,11.58830,11.58428,6388479.00000
10,11.50670,11.50271,6388479.00000
20,12.09428,12.09018,6388479.00000
30,15.88274,15.87843,6388479.00000
40,19.78446,19.78033,6388479.00000
50,20.27620,20.27194,7620873.90000
60,12.56152,12.55682,7933098.00000
70,10.31992,10.31572,7933098.00000
80,11.69368,11.68975,7933098.00000
90,14.82540,14.82118,7933098.00000
100,17.00769,17.00349,7778540.10000
110,9.09625,9.09156,6388359.00000
120,9.26871,9.26478,6388359.00000
130,9.59608,9.59224,6328608.30000
140,9.71823,9.71416,6278724.00000
150,10.67745,10.67352,6278724.00000
160,10.60668,10.60268,6344505.00000
170,14.93071,14.92658,6548192.40000
180,13.21417,13.21022,6654137.70000
190,17.94772,17.94346,6649594.80000
200,16.76002,16.75534,6279649.20000
210,16.56158,16.55698,6153959.40000
220,19.35427,19.34963,5654925.00000
230,31.84104,31.83632,5715609.00000
240,26.87351,26.86882,6556806.00000
250,24.07701,24.07235,6632634.60000
260,20.75309,20.74844,6632607.00000
270,21.74630,21.74170,6632600.40000
280,23.62628,23.62164,6632592.60000
290,23.58648,23.58188,6632589.00000
300,23.93271,23.92806,6086332.20000
310,20.96454,20.95992,5774538.60000
320,27.94942,27.94476,5711706.00000
330,37.91281,37.90819,5522449.20000
340,34.46117,34.45647,5438616.30000
350,36.62417,36.61952,5419182.00000
360,35.83232,35.82760,5369350.80000
370,16.93604,16.93143,4967546.10000
380,15.67460,15.67027,4898302.80000
390,17.34942,17.34476,4809108.60000
400,21.17378,21.16908,4843965.00000
410,22.08848,22.08378,4857206.70000
420,14.80314,14.79882,4924218.00000
430,15.15708,15.13568,4921590.00000
440,15.77846,15.77383,4919838.00000
450,18.30009,18.29568,4918621.20000
460,22.42160,22.41692,4915782.00000
470,22.81866,22.81398,4915782.00000
480,15.12337,15.11872,4724589.90000
490,11.43564,11.43161,4350555.00000
500,13.14332,13.13915,4561743.60000
510,14.18872,14.18484,4649973.00000
520,15.91745,15.91298,4649973.00000
530,16.42425,16.41974,4649973.00000
540,16.93214,16.92746,4649973.00000
550,14.59228,14.58754,4889201.10000
560,26.57380,26.56932,4808830.80000
570,26.78826,26.78362,4297629.90000
580,22.94505,22.94038,3585789.60000
590,19.23161,19.22689,5050871.70000
600,15.15548,15.15090,7428586.80000
610,22.29706,22.29245,9154439.10000
620,16.75123,16.74660,9521362.20000
630,10.15251,10.14791,9517167.00000
640,9.71690,9.71264,9459631.80000
650,9.27608,9.27213,9421272.60000
660,11.76164,11.75771,10768835.40000
670,15.79250,15.78832,10858999.20000
680,19.84841,19.84411,10858885.50000
690,17.40515,17.40076,10855368.00000
700,20.28793,20.28376,10855368.00000
710,18.66531,18.66075,10855368.00000
720,19.08618,19.08154,10673067.00000
730,23.11667,23.11201,10593060.00000
740,24.84936,24.84469,10404744.00000
750,22.78641,22.78171,10279200.00000
760,14.40466,14.40030,10437937.50000
770,10.81333,10.80938,10766673.60000
780,9.23389,9.22970,10864798.80000
790,10.86622,10.86215,9787313.40000
800,12.89907,12.89496,9664446.60000
810,13.32020,13.31626,9667598.40000
820,14.29235,14.28838,9667593.00000
830,43.02208,43.01770,9667602.00000
840,40.69286,40.68821,9667602.60000
850,42.18376,42.17909,9667603.20000
860,37.51988,37.51524,9667607.40000
870,39.22837,39.22368,10385949.00000
880,49.53151,49.52688,10864839.00000
890,41.33677,41.33212,10864839.00000
900,41.04510,41.04042,10864835.40000
910,39.24450,39.23985,10864828.20000
920,36.17667,36.17206,10864825.20000
930,34.21436,34.20964,10864821.00000
940,34.00255,33.99794,10864821.00000
950,34.08470,34.08012,10864821.00000
960,36.30404,36.29943,10864818.00000
970,46.59044,46.58582,10864786.20000
980,61.85600,61.85150,10864773.00000
990,65.62682,65.62215,10864773.00000
1000,68.70298,68.69840,10625328.60000
1010,70.27414,70.26961,9667551.00000
1020,71.16911,71.16448,9667551.00000
1030,68.25542,68.25076,9667551.00000
1040,18.76714,18.76293,9667551.00000
1050,15.22082,15.21634,10146439.80000
1060,15.87642,15.87205,10864773.00000
1070,14.24611,14.24192,10864773.00000
1080,14.15242,14.14837,10025094.60000
1090,18.35823,18.35385,9329834.40000
1100,19.00418,18.99958,9156234.00000
1110,20.95289,20.94820,9156234.00000
1120,17.24274,17.23812,9156234.00000
1130,18.30280,18.29814,9153888.00000
1140,25.96715,25.96250,8888382.00000
1150,36.04933,36.04470,6681090.00000
1160,52.03940,52.03488,7146947.40000
1170,37.18475,37.18015,9101922.00000
1180,26.00963,26.00500,9097980.00000
1190,25.42739,25.42276,9099990.00000
1200,37.56366,37.55914,9103005.00000
1210,26.22357,26.21896,9103881.00000
1220,20.28634,20.28177,9103005.00000
1230,21.17670,21.17217,9103013.40000
1240,29.24488,29.24022,9103039.20000
1250,22.03881,22.03418,9100531.50000
1260,21.42625,21.42157,9094303.20000
1270,26.39905,26.39435,9091825.20000
1280,31.72954,31.72494,8847516.90000
1290,48.75183,48.74728,8728518.00000
1300,48.63514,48.63045,8236771.20000
1310,30.39494,30.39035,6191688.00000
1320,39.48564,39.48103,6862126.50000
1330,43.00236,42.99779,5573805.00000
1340,46.64885,46.64424,6060954.00000
1350,34.27231,34.26764,6881545.80000
1360,24.58768,24.58319,9634320.90000
1370,20.10824,20.10360,10864779.00000
1380,17.97836,17.97382,10864773.60000
1390,52.49367,52.48905,10864773.00000
1400,47.98617,47.98157,10864774.80000
1410,30.98399,30.97943,10566703.20000
1420,27.61722,27.61269,10592118.60000
1430,31.42535,31.42073,10864791.00000
1440,31.09826,31.09364,10864798.20000
1450,34.97552,34.97096,10864803.00000
1460,43.54463,43.54009,10864803.00000
1470,41.76573,41.76112,10864803.00000
1480,44.02599,44.02114,10864807.80000
1490,47.15989,47.15530,10864813.20000
1500,48.86949,48.86488,10864818.60000
1510,48.28712,48.28241,10864824.00000
1520,42.50477,42.50020,10864827.00000
1530,35.45912,35.45448,10864822.20000
1540,29.84289,29.83822,10864824.00000
1550,28.34135,28.33676,10864827.00000
1560,26.39530,26.39066,10864828.20000
1570,23.76438,23.75974,10869039.60000
1580,22.02669,22.02208,10951032.60000
1590,20.82245,20.81785,10974487.80000
1600,21.55770,21.55307,10974497.40000
1610,22.16854,22.16388,10974504.00000
1620,21.32693,21.32229,10974501.00000
1630,21.16275,21.15826,10974495.00000
1640,18.98993,18.98537,10974492.00000
1650,18.41026,18.40578,10974492.00000
1660,17.07433,17.07000,10974493.80000
1670,16.07340,16.06895,10974916.20000
1680,17.01870,17.01440,11108102.10000
1690,14.91137,14.90704,11241013.20000
1700,15.16121,15.15689,11241018.60000
1710,14.65700,14.65289,11241024.00000
1720,14.37183,14.36777,11241025.80000
1730,14.35982,14.35550,11241037.20000
1740,14.42802,14.42372,11241052.20000
1750,14.43222,14.42817,11241054.00000
1760,14.58088,14.57690,11241054.00000
1770,14.18447,14.18020,11241054.00000
1780,13.57842,13.57431,11241054.00000
1790,13.19981,13.19574,11241054.00000
1800,13.69676,13.69264,11241054.00000
1810,13.01760,13.01358,11241049.80000
1820,13.43072,13.42664,11241039.60000
1830,13.80974,13.80553,11241032.40000
1840,14.59565,14.59157,11241024.00000
1850,14.97556,14.97152,11241018.00000
1860,14.67222,14.66788,11241019.80000
1870,15.44727,15.44307,11241019.80000
1880,16.21224,16.20755,11241012.60000
1890,14.67292,14.66825,11241006.00000
1900,15.83083,15.82602,11241003.00000
1910,16.91187,16.90709,11240994.00000
1920,18.39036,18.38570,11240985.60000
1930,20.18411,20.17947,11240971.20000
1940,21.30840,21.30373,11240961.00000
1950,22.35522,22.35056,11240949.00000
1960,23.56196,23.55741,11240934.60000
1970,25.13502,25.13034,11240930.40000
1980,28.95130,28.94666,11161169.70000
1990,33.18475,33.18004,10974408.00000
2000,32.58080,32.57614,10974408.00000
2010,33.59196,33.58734,10974408.00000
2020,34.07510,34.07044,10974408.00000
2030,31.54461,31.54002,10974408.00000
2040,30.45282,30.44806,10973341.80000
2050,30.85990,30.85518,10972275.60000
2060,34.84875,34.84414,10974408.00000
2070,38.41601,38.41135,10846963.80000
2080,39.35013,39.34534,10364410.50000
2090,37.46924,37.46464,10054158.00000
2100,40.21794,40.21323,10013727.00000
2110,45.04235,45.03768,10195232.40000
2120,60.59337,60.58869,10491190.80000
2130,69.62509,69.62049,10491226.80000
2140,94.63589,94.63117,10606616.40000
2150,93.32981,93.32520,10839546.30000
2160,96.63402,96.62939,10082360.10000
2170,92.98592,92.98129,7223112.00000
2180,96.88987,96.88532,6549874.20000
2190,87.12848,87.12390,6266152.50000
2200,62.38112,62.37657,5132634.90000
2210,31.09366,31.08910,3836330.40000
2220,33.85030,33.84572,3796645.80000
2230,34.15241,34.14780,2713873.80000
2240,37.10947,37.10483,1232427.90000
2250,7.24130,7.23714,384978.60000
2260,1.89464,1.89092,521978.40000
2270,7.09160,7.08766,2713873.80000
2280,6.29177,6.26804,1252506.00000
2290,4.57415,4.57031,1252506.00000
2300,0.63771,0.63392,130779.00000
2310,0.02746,0.02371,0.00000
2320,0.02743,0.02368,0.00000
2330,0.02755,0.02381,0.00000
2340,0.02748,0.02373,0.00000
2350,0.02740,0.02368,0.00000
2360,0.02743,0.02370,0.00000
2370,0.02752,0.02373,0.00000
2380,0.02751,0.02376,0.00000
2390,0.02733,0.02355,0.00000
2400,0.02720,0.02347,0.00000
2410,0.02728,0.02352,0.00000
2420,0.02724,0.02348,0.00000
2430,0.02720,0.02347,0.00000
2440,0.02877,0.02496,0.00000
2450,0.02730,0.02346,0.00000
2460,0.02713,0.02344,0.00000
2470,0.02894,0.02506,0.00000
2480,0.02722,0.02346,0.00000
2490,0.02719,0.02348,0.00000
