frame,total,visibility,gbuffer,lighting,tonemap,index_count
0,0.83722,0.29893,0.15165,0.32202,0.04860,3536859.00000
10,0.83890,0.30119,0.15118,0.32201,0.04882,3540107.40000
20,0.83858,0.30174,0.15052,0.32181,0.04894,3548178.90000
30,0.83992,0.30281,0.15026,0.32178,0.04916,3560138.40000
40,0.84279,0.30444,0.15028,0.32200,0.04970,3566700.00000
50,0.84646,0.30813,0.15077,0.32204,0.04935,3568304.40000
60,0.84635,0.30592,0.15050,0.32211,0.04998,3569021.40000
70,1.23885,0.35669,0.23050,0.57006,0.06083,3569286.00000
80,1.23434,0.35304,0.23053,0.56973,0.06094,3569286.00000
90,1.31451,0.38620,0.24779,0.58409,0.07068,3629594.40000
100,1.41231,0.45405,0.27039,0.59028,0.07506,3798228.60000
110,1.44529,0.47727,0.28250,0.58936,0.07436,3842249.40000
120,1.49759,0.52264,0.28662,0.59052,0.07422,4073211.00000
130,1.49818,0.52628,0.28594,0.58989,0.07458,4046843.40000
140,1.36038,0.40499,0.27128,0.58941,0.07428,2686896.90000
150,1.15582,0.21855,0.25484,0.58910,0.07470,822589.80000
160,1.14908,0.21021,0.25633,0.58966,0.07424,645418.20000
170,1.14992,0.20965,0.25741,0.58947,0.07479,781088.70000
180,1.21198,0.26839,0.25894,0.59025,0.07453,1648105.80000
190,1.23336,0.29264,0.25710,0.58983,0.07368,1785513.90000
200,1.22036,0.27205,0.26460,0.58956,0.07485,1612006.50000
210,1.21403,0.26287,0.26666,0.58972,0.07441,1547567.40000
220,1.23067,0.27916,0.26717,0.58994,0.07479,1904816.70000
230,1.24178,0.28889,0.26836,0.59006,0.07500,2062156.20000
240,1.25276,0.29153,0.27549,0.59060,0.07448,2118916.80000
250,1.30542,0.33094,0.28814,0.59152,0.07472,2638450.50000
260,1.35986,0.38210,0.29108,0.59142,0.07503,3143778.30000
270,1.36994,0.39550,0.28824,0.59116,0.07480,3176709.60000
280,1.38060,0.40698,0.28639,0.59138,0.07548,3195139.80000
290,1.39010,0.41550,0.28759,0.59154,0.07486,3196378.80000
300,1.39790,0.42175,0.28927,0.59148,0.07510,3191899.20000
310,1.39790,0.42179,0.28959,0.59141,0.07494,3189861.60000
320,1.40785,0.42815,0.29236,0.59173,0.07463,3188157.60000
330,1.42172,0.43801,0.29601,0.59209,0.07508,3183397.20000
340,1.42763,0.44356,0.29606,0.59206,0.07528,3251785.50000
350,1.42791,0.44352,0.29690,0.59196,0.07494,3262454.70000
360,1.42155,0.43800,0.29578,0.59214,0.07520,3240558.60000
370,1.42388,0.44018,0.29566,0.59204,0.07551,3240268.80000
380,1.42553,0.44302,0.29368,0.59244,0.07542,3222061.50000
390,1.42137,0.44110,0.29275,0.59191,0.07507,3185881.80000
400,1.42148,0.43950,0.29389,0.59212,0.07484,3157816.80000
410,1.42272,0.44195,0.29302,0.59209,0.07465,3138618.60000
420,1.41640,0.43863,0.29081,0.59198,0.07481,3087039.60000
430,1.39288,0.42034,0.28562,0.59196,0.07434,2881825.20000
440,1.30934,0.34281,0.27990,0.59195,0.07475,2218198.50000
450,1.23947,0.27992,0.27368,0.59144,0.07479,1656567.60000
460,1.19683,0.25494,0.26013,0.58923,0.07340,1441534.80000
470,1.17970,0.24159,0.25734,0.58842,0.07293,1194970.80000
480,1.17088,0.23370,0.25730,0.58809,0.07225,956263.50000
490,1.18661,0.24410,0.26237,0.58829,0.07218,983980.20000
500,1.26354,0.29896,0.27954,0.59118,0.07432,1687170.00000
510,1.40722,0.42306,0.29604,0.59281,0.07522,2957266.80000
520,1.43808,0.45486,0.29603,0.59198,0.07500,3168784.80000
530,1.41928,0.43890,0.29280,0.59213,0.07509,3105747.30000
540,1.39244,0.41768,0.28780,0.59189,0.07534,2970027.90000
550,1.39074,0.41636,0.28792,0.59153,0.07463,2972406.90000
560,1.34665,0.36317,0.29612,0.59115,0.07471,2435823.90000
570,1.25805,0.30353,0.27146,0.58885,0.07398,1593825.60000
580,1.32624,0.38492,0.26134,0.58707,0.07293,2267734.20000
590,1.45933,0.50224,0.27340,0.58779,0.07326,3676994.40000
600,1.55424,0.59456,0.27786,0.58652,0.07162,4240686.00000
610,1.54092,0.57608,0.28334,0.58746,0.07170,4109590.20000
620,1.44616,0.48139,0.28003,0.58872,0.07370,3234051.90000
630,1.27237,0.32616,0.26392,0.58775,0.07384,1765986.60000
640,1.24069,0.28920,0.26997,0.58823,0.07314,1362335.40000
650,1.24301,0.28729,0.27393,0.58898,0.07347,1596570.30000
660,1.24292,0.28596,0.27461,0.58939,0.07360,1741612.80000
670,1.23635,0.28122,0.27243,0.58874,0.07324,1637828.70000
680,1.22339,0.27378,0.26824,0.58844,0.07358,1236070.20000
690,1.21040,0.26104,0.26823,0.58879,0.07392,1250187.00000
700,1.21349,0.26114,0.27037,0.58878,0.07412,1665342.90000
710,1.23829,0.28818,0.26779,0.58887,0.07448,1775468.10000
720,1.24713,0.30760,0.25935,0.58849,0.07244,1908386.70000
730,1.25344,0.31656,0.25636,0.58811,0.07352,2145022.50000
740,1.28054,0.32932,0.26840,0.58892,0.07421,2592365.10000
750,1.30516,0.35336,0.26943,0.58879,0.07392,2757870.60000
760,1.30885,0.35726,0.26816,0.58900,0.07474,2677093.20000
770,1.30412,0.35157,0.26712,0.58939,0.07448,2654013.00000
780,1.28983,0.34261,0.26340,0.58929,0.07451,2578698.60000
790,1.28948,0.34888,0.25694,0.58938,0.07463,2520352.80000
800,1.30008,0.36696,0.24974,0.58912,0.07445,2485218.30000
810,1.26720,0.34167,0.24268,0.58883,0.07457,2037999.30000
820,1.20928,0.28626,0.24065,0.58895,0.07460,1524259.50000
830,1.16355,0.24227,0.23959,0.58912,0.07415,1150906.20000
840,1.14670,0.22608,0.23907,0.58888,0.07446,1017384.90000
850,1.14525,0.22565,0.23793,0.58869,0.07435,1015100.40000
860,1.14529,0.22994,0.23468,0.58800,0.07401,998085.00000
870,1.14013,0.22676,0.23360,0.58757,0.07391,1010553.00000
880,1.12063,0.20579,0.23433,0.58780,0.07420,722847.00000
890,1.10698,0.19496,0.23221,0.58777,0.07394,660985.80000
900,1.12104,0.21724,0.22310,0.58794,0.07425,1056630.60000
910,1.15276,0.25666,0.21940,0.58517,0.07253,1843141.50000
920,1.24891,0.35232,0.21982,0.58000,0.06771,2533154.70000
930,1.40953,0.50582,0.23105,0.58092,0.06827,4071835.80000
940,1.40018,0.47176,0.25232,0.58396,0.07093,3963503.10000
950,1.40626,0.45845,0.26678,0.58696,0.07248,4031704.50000
960,1.40832,0.44959,0.27417,0.58909,0.07410,3971499.00000
970,1.40872,0.44627,0.27848,0.58882,0.07338,3766537.50000
980,1.41414,0.44664,0.28344,0.58898,0.07371,3583336.20000
990,1.40210,0.43074,0.28682,0.58964,0.07409,3483438.60000
1000,1.39071,0.42187,0.28575,0.58901,0.07365,3392737.80000
1010,1.38486,0.41502,0.28793,0.58875,0.07312,3276338.40000
1020,1.38669,0.41126,0.29229,0.58931,0.07348,3129990.90000
1030,1.37282,0.39757,0.29172,0.58952,0.07367,2999856.00000
1040,1.35129,0.37780,0.28948,0.59027,0.07388,2824652.70000
1050,1.32095,0.34725,0.28890,0.59089,0.07429,2633786.40000
1060,1.32254,0.34905,0.28768,0.59148,0.07456,2547567.60000
1070,1.35478,0.37957,0.28921,0.59158,0.07464,2468410.80000
1080,1.36045,0.38942,0.28521,0.59120,0.07455,2416487.40000
1090,1.34664,0.36441,0.29607,0.59169,0.07491,2360726.40000
1100,1.36452,0.38342,0.29620,0.59171,0.07429,2341794.60000
1110,1.34269,0.36268,0.29523,0.59128,0.07460,2220366.60000
1120,1.38295,0.40200,0.29561,0.59108,0.07491,2163918.60000
1130,1.39090,0.41441,0.29056,0.59144,0.07483,2127327.30000
1140,1.40336,0.42868,0.28894,0.59152,0.07502,2131965.90000
1150,1.45715,0.47800,0.29179,0.59219,0.07535,2479488.00000
1160,1.53940,0.54936,0.30210,0.59280,0.07510,3103379.70000
1170,1.59220,0.59637,0.30799,0.59301,0.07471,3286165.20000
1180,1.57076,0.57140,0.31128,0.59251,0.07461,3223156.20000
1190,1.56543,0.56453,0.31279,0.59247,0.07456,3198838.20000
1200,1.54013,0.54112,0.31169,0.59198,0.07448,3071377.50000
1210,1.45541,0.45918,0.30998,0.59183,0.07408,2679304.50000
1220,1.41372,0.42080,0.30729,0.59145,0.07374,2262525.60000
1230,1.41672,0.42469,0.30691,0.59098,0.07373,2219412.30000
1240,1.41332,0.42306,0.30526,0.59072,0.07393,2190796.80000
1250,1.40553,0.41640,0.30415,0.59064,0.07380,2126512.20000
1260,1.39325,0.40770,0.30160,0.59013,0.07384,2051850.90000
1270,1.36980,0.38787,0.29864,0.58980,0.07344,2036807.40000
1280,1.35821,0.37773,0.29726,0.58998,0.07300,1998442.80000
1290,1.34006,0.36691,0.29184,0.58937,0.07207,1982232.90000
1300,1.32782,0.35930,0.28806,0.58895,0.07170,2002564.80000
1310,1.35993,0.38357,0.29374,0.59000,0.07270,2087533.80000
1320,1.42384,0.43948,0.29856,0.59205,0.07425,2609298.00000
1330,1.44675,0.47099,0.29005,0.59161,0.07457,2327745.60000
1340,1.41202,0.44016,0.28706,0.59130,0.07436,2212672.50000
1350,1.38800,0.41822,0.28492,0.59103,0.07418,2211165.60000
1360,1.38120,0.41048,0.28636,0.59098,0.07373,2223684.00000
1370,1.38240,0.41079,0.28756,0.59077,0.07386,2224497.30000
1380,1.37516,0.40519,0.28582,0.59095,0.07392,2203552.80000
1390,1.39576,0.42423,0.28702,0.59113,0.07412,2218140.90000
1400,1.45524,0.46893,0.29868,0.59242,0.07459,2743615.20000
1410,1.43490,0.43522,0.31127,0.59228,0.07502,2587569.90000
1420,1.41428,0.41676,0.31018,0.59210,0.07482,2402864.70000
1430,1.40855,0.40891,0.31232,0.59231,0.07478,2273796.60000
1440,1.41676,0.41632,0.31236,0.59176,0.07498,2457954.90000
1450,1.41090,0.41054,0.31296,0.59188,0.07518,2432548.20000
1460,1.42380,0.42122,0.31469,0.59187,0.07520,2864603.70000
1470,1.45192,0.44844,0.31513,0.59214,0.07514,3260834.70000
1480,1.45084,0.44460,0.31765,0.59225,0.07500,3207732.30000
1490,1.47600,0.45528,0.32024,0.59259,0.07485,3679436.10000
1500,1.58212,0.56450,0.32738,0.59271,0.07500,5085597.00000
1510,1.60672,0.59149,0.32493,0.59275,0.07474,5622743.40000
1520,1.61296,0.60080,0.32212,0.59244,0.07475,5914413.30000
1530,1.64302,0.62901,0.32351,0.59272,0.07478,6199425.90000
1540,1.68158,0.66535,0.32570,0.59290,0.07474,6501296.40000
1550,1.68954,0.67138,0.32692,0.59264,0.07497,6468561.00000
1560,1.65373,0.67039,0.29352,0.59048,0.07420,6288352.50000
1570,1.66708,0.68053,0.29738,0.59162,0.07451,6403932.00000
1580,1.67587,0.68958,0.29624,0.59152,0.07487,6489612.90000
1590,1.68325,0.69626,0.29793,0.59154,0.07489,6514984.20000
1600,1.67901,0.67436,0.31367,0.59263,0.07474,6469406.70000
1610,1.67341,0.66032,0.32174,0.59276,0.07462,6386042.70000
1620,1.66884,0.65606,0.32077,0.59306,0.07470,6346056.00000
1630,1.65729,0.64807,0.31752,0.59274,0.07497,6270661.80000
1640,1.66221,0.65392,0.31733,0.59266,0.07472,6340435.20000
1650,1.68442,0.67432,0.31854,0.59292,0.07481,6528230.70000
1660,1.68443,0.67549,0.31816,0.59254,0.07508,6445551.30000
1670,1.66181,0.65220,0.31816,0.59298,0.07458,6179116.80000
1680,1.62728,0.62418,0.31223,0.59250,0.07482,5632906.80000
1690,1.53652,0.54530,0.30213,0.59216,0.07446,4686393.30000
1700,1.47512,0.49012,0.29810,0.59098,0.07388,4134488.70000
1710,1.42481,0.44411,0.29452,0.59076,0.07367,3614263.20000
1720,1.37067,0.39099,0.28818,0.59052,0.07404,2906742.30000
1730,1.29863,0.32762,0.28575,0.59067,0.07421,2144940.30000
1740,1.29313,0.32226,0.28529,0.59077,0.07430,1997245.20000
1750,1.28231,0.31420,0.28311,0.59063,0.07442,1861532.10000
1760,1.27609,0.30943,0.28168,0.59089,0.07434,1824885.30000
1770,1.27321,0.30776,0.28075,0.59088,0.07401,1742791.50000
1780,1.27424,0.30828,0.28052,0.59085,0.07416,1709182.20000
1790,1.28380,0.31635,0.28250,0.59056,0.07457,1708177.20000
1800,1.29232,0.32274,0.28401,0.59135,0.07450,1663645.20000
1810,1.30235,0.33156,0.28528,0.59139,0.07473,1647784.20000
1820,1.30236,0.32907,0.28764,0.59126,0.07487,1503234.60000
1830,1.30404,0.32938,0.28899,0.59140,0.07476,1460679.30000
1840,1.29947,0.32758,0.28584,0.59148,0.07496,1406943.60000
1850,1.29816,0.32717,0.28552,0.59153,0.07471,1341595.20000
1860,1.29946,0.32824,0.28609,0.59133,0.07467,1311148.80000
1870,1.29955,0.32790,0.28492,0.59182,0.07500,1309605.60000
1880,1.29396,0.32383,0.28450,0.59163,0.07509,1306084.20000
1890,1.29248,0.32053,0.28534,0.59192,0.07483,1304079.60000
1900,1.28557,0.31438,0.28528,0.59179,0.07451,1300487.40000
1910,1.28085,0.30999,0.28554,0.59151,0.07463,1297519.80000
1920,1.27824,0.30557,0.28715,0.59192,0.07477,1299405.60000
1930,1.27586,0.30357,0.28712,0.59160,0.07486,1297942.80000
1940,1.26847,0.29638,0.28681,0.59136,0.07482,1287316.50000
1950,1.26533,0.29405,0.28652,0.59138,0.07453,1255536.00000
1960,1.26664,0.29328,0.28763,0.59150,0.07485,1255159.80000
1970,1.26981,0.29404,0.29052,0.59138,0.07495,1232970.60000
1980,1.27125,0.29498,0.28988,0.59268,0.07472,1172712.00000
1990,1.26424,0.29281,0.28570,0.59184,0.07474,1158771.90000
2000,1.25678,0.28706,0.28543,0.59097,0.07480,1147062.00000
2010,1.25024,0.28190,0.28411,0.59089,0.07453,1144353.00000
2020,1.23750,0.27052,0.28273,0.59081,0.07474,1162284.60000
2030,1.22979,0.26362,0.28246,0.59064,0.07472,1090198.20000
2040,1.23111,0.26425,0.28265,0.59082,0.07448,998284.80000
2050,1.22741,0.26218,0.28111,0.59062,0.07483,861431.40000
2060,1.21930,0.25552,0.27993,0.59053,0.07456,844934.40000
2070,1.21849,0.25652,0.27813,0.59064,0.07462,772905.60000
2080,1.22089,0.25954,0.27733,0.59050,0.07479,764781.00000
2090,1.22447,0.26393,0.27634,0.59095,0.07457,760483.80000
2100,1.22442,0.26496,0.27525,0.59078,0.07447,745395.00000
2110,1.21458,0.25579,0.27535,0.59046,0.07446,733070.40000
2120,1.20668,0.24951,0.27395,0.59057,0.07441,729492.00000
2130,1.20368,0.24798,0.27203,0.59077,0.07436,720139.50000
2140,1.20472,0.24988,0.27120,0.59061,0.07459,713475.00000
2150,1.20380,0.24908,0.27123,0.59036,0.07452,705677.40000
2160,1.19668,0.24183,0.27129,0.59034,0.07427,695272.20000
2170,1.18603,0.23183,0.27000,0.59058,0.07452,670782.60000
2180,1.17973,0.22804,0.26829,0.59054,0.07440,645144.60000
2190,1.18055,0.22905,0.26681,0.59085,0.07518,637518.00000
2200,1.17940,0.22782,0.26724,0.59063,0.07498,633843.00000
2210,1.17335,0.22330,0.26616,0.59070,0.07466,626791.80000
2220,1.16261,0.21522,0.26400,0.59031,0.07463,623481.00000
2230,1.15430,0.20883,0.26211,0.59042,0.07431,620500.20000
2240,1.15025,0.20720,0.25932,0.59050,0.07468,620157.00000
2250,1.15098,0.20990,0.25700,0.59038,0.07498,615527.40000
2260,1.14570,0.20746,0.25492,0.59025,0.07496,589299.30000
2270,1.13177,0.19462,0.25400,0.59022,0.07441,571177.20000
2280,1.10886,0.18262,0.24585,0.58853,0.07355,550159.20000
2290,1.04767,0.15500,0.22666,0.57899,0.06906,508759.50000
2300,0.97552,0.11692,0.20941,0.56791,0.06343,314115.30000
2310,0.92461,0.08427,0.20222,0.56302,0.05869,315550.50000
2320,0.91360,0.06940,0.20605,0.56183,0.05918,308115.00000
2330,0.92406,0.07710,0.20699,0.56277,0.05974,327744.30000
2340,0.92106,0.07617,0.20541,0.56241,0.05961,338605.20000
2350,1.01092,0.13680,0.21636,0.57392,0.06570,820940.40000
2360,1.29318,0.35380,0.25595,0.58954,0.07436,2292100.80000
2370,1.41139,0.45490,0.27242,0.58985,0.07398,3113620.80000
2380,1.45003,0.49014,0.27521,0.59034,0.07431,3406416.60000
2390,1.46514,0.50179,0.27853,0.59010,0.07433,3616381.50000
2400,1.46816,0.50020,0.28276,0.59003,0.07424,3699828.60000
2410,1.49959,0.52949,0.28394,0.59017,0.07440,3925751.10000
2420,1.50367,0.53281,0.28459,0.59035,0.07418,4025318.10000
2430,1.49550,0.52322,0.28608,0.59008,0.07419,4000084.50000
2440,1.51426,0.54092,0.28775,0.58990,0.07404,4012182.00000
2450,1.53278,0.55398,0.29238,0.59057,0.07402,4235579.10000
2460,1.54340,0.56203,0.29466,0.59026,0.07388,4352648.40000
2470,1.55297,0.57008,0.29590,0.59030,0.07412,4330349.40000
2480,1.54703,0.56448,0.29529,0.59079,0.07429,4303959.00000
2490,1.54046,0.55660,0.29605,0.59101,0.07450,4250489.40000
2500,1.53538,0.55260,0.29430,0.59124,0.07520,4142218.80000
2510,1.52790,0.54695,0.29292,0.59100,0.07492,4022292.00000
2520,1.52982,0.54718,0.29489,0.59082,0.07479,3971352.60000
2530,1.54220,0.56004,0.29576,0.59019,0.07474,3907880.10000
2540,1.54740,0.56382,0.29647,0.59076,0.07434,3891210.30000
2550,1.54282,0.56033,0.29542,0.59065,0.07480,3820466.10000
2560,1.52345,0.54424,0.29237,0.59066,0.07480,3641290.50000
2570,1.53953,0.56369,0.28797,0.59065,0.07507,3412900.80000
2580,1.53672,0.56614,0.28482,0.59038,0.07502,3117270.90000
2590,1.54446,0.57655,0.28276,0.59035,0.07503,2952465.00000
2600,1.55506,0.58804,0.28222,0.59020,0.07504,2794729.80000
2610,1.56800,0.60407,0.27895,0.59003,0.07494,2650371.00000
2620,1.57042,0.60948,0.27562,0.59028,0.07492,2476175.10000
2630,1.57864,0.62062,0.27270,0.59024,0.07536,2441729.40000
2640,1.58236,0.62629,0.27203,0.58954,0.07485,2427030.60000
2650,1.52552,0.56433,0.27713,0.58988,0.07452,2381548.20000
2660,1.41655,0.44791,0.28300,0.59096,0.07515,2292001.20000
2670,1.40867,0.44090,0.28212,0.59113,0.07520,2173844.10000
2680,1.41648,0.44952,0.28156,0.59116,0.07489,2113620.90000
2690,1.42942,0.46262,0.28101,0.59125,0.07518,2017259.40000
2700,1.44788,0.47889,0.28308,0.59146,0.07530,1987000.80000
2710,1.44029,0.46944,0.28485,0.59159,0.07537,1967607.00000
2720,1.36117,0.38761,0.28787,0.59145,0.07503,1976160.00000
2730,1.31556,0.34362,0.28610,0.59186,0.07508,1918605.60000
2740,1.31145,0.34614,0.27932,0.59169,0.07498,1731047.40000
2750,1.29260,0.33032,0.27700,0.59147,0.07466,1678291.50000
2760,1.28806,0.32938,0.27350,0.59112,0.07464,1666366.50000
2770,1.28177,0.32436,0.27283,0.59117,0.07470,1596189.60000
2780,1.25713,0.29751,0.27372,0.59118,0.07502,1552311.90000
2790,1.24548,0.28413,0.27587,0.59129,0.07484,1532215.20000
2800,1.25082,0.28873,0.27681,0.59118,0.07462,1507988.40000
2810,1.26838,0.30507,0.27759,0.59149,0.07487,1469892.60000
2820,1.28754,0.32415,0.27781,0.59146,0.07494,1462158.00000
2830,1.30237,0.33901,0.27792,0.59177,0.07484,1471910.40000
2840,1.32116,0.35561,0.28037,0.59177,0.07484,1484075.70000
2850,1.31892,0.35516,0.27877,0.59130,0.07499,1454770.20000
2860,1.31496,0.35268,0.27719,0.59095,0.07501,1414781.70000
2870,1.31601,0.35595,0.27542,0.59087,0.07506,1377562.80000
2880,1.32144,0.36366,0.27312,0.59082,0.07494,1309885.80000
2890,1.33594,0.38036,0.27052,0.59092,0.07526,1277256.60000
2900,1.35219,0.39780,0.26932,0.59137,0.07528,1277252.40000
2910,1.34957,0.39854,0.26649,0.59107,0.07486,1272765.00000
2920,1.26706,0.31058,0.26604,0.59092,0.07530,1261032.00000
2930,1.21341,0.26402,0.26515,0.59080,0.07458,1223425.20000
2940,1.22240,0.27194,0.26650,0.59060,0.07468,1242414.60000
2950,1.23555,0.28272,0.26774,0.59083,0.07497,1203858.90000
2960,1.23580,0.28470,0.26690,0.59073,0.07484,1168715.70000
2970,1.24184,0.28924,0.26756,0.59104,0.07495,1165460.40000
2980,1.24592,0.29694,0.26482,0.59067,0.07479,1165323.00000
2990,1.23977,0.29862,0.25903,0.58992,0.07380,1165323.00000
3000,1.23640,0.30390,0.25198,0.58856,0.07272,1276646.10000
3010,1.23622,0.30597,0.25129,0.58806,0.07234,1327812.00000
3020,1.41902,0.48118,0.25601,0.58950,0.07361,2979569.10000
3030,1.66073,0.68106,0.29017,0.59166,0.07492,6039584.10000
3040,1.52471,0.55511,0.28123,0.59080,0.07528,5473671.60000
3050,1.51174,0.54251,0.28133,0.59062,0.07488,5327911.20000
3060,1.50604,0.53651,0.28146,0.59088,0.07493,5247549.30000
3070,1.51547,0.54324,0.28342,0.59115,0.07510,5318688.00000
3080,1.53390,0.55641,0.28887,0.59125,0.07484,5443851.60000
3090,1.53597,0.55315,0.29291,0.59148,0.07507,5463180.00000
3100,1.54504,0.55732,0.29790,0.59152,0.07528,5528318.40000
3110,1.54900,0.55791,0.30170,0.59158,0.07503,5518302.60000
3120,1.55331,0.56054,0.30415,0.59142,0.07464,5501800.80000
3130,1.55508,0.56102,0.30468,0.59153,0.07501,5422501.80000
3140,1.54933,0.55292,0.30719,0.59186,0.07488,5381229.00000
3150,1.53918,0.54353,0.30646,0.59159,0.07525,5279326.50000
3160,1.52895,0.53427,0.30523,0.59192,0.07512,5234319.60000
3170,1.52677,0.53361,0.30414,0.59162,0.07511,5154321.00000
3180,1.52771,0.53473,0.30405,0.59179,0.07487,5149010.40000
3190,1.52757,0.53485,0.30362,0.59152,0.07483,5136630.00000
3200,1.51809,0.52644,0.30317,0.59161,0.07494,5036211.00000
3210,1.50755,0.51368,0.30480,0.59182,0.07482,4856564.40000
3220,1.51153,0.51697,0.30521,0.59183,0.07515,4841081.10000
3230,1.50003,0.50382,0.30707,0.59180,0.07515,4635634.80000
3240,1.50171,0.50468,0.30793,0.59202,0.07502,4573846.20000
3250,1.49981,0.50476,0.30551,0.59186,0.07540,4548729.00000
3260,1.48717,0.49519,0.30314,0.59160,0.07508,4391545.50000
3270,1.48470,0.49384,0.30210,0.59158,0.07497,4335628.80000
3280,1.48041,0.48885,0.30274,0.59219,0.07484,4159528.50000
3290,1.47616,0.48242,0.30448,0.59192,0.07506,4121853.00000
3300,1.47189,0.47963,0.30317,0.59228,0.07484,4056366.00000
3310,1.46874,0.47618,0.30364,0.59222,0.07469,4008524.10000
3320,1.46320,0.47106,0.30338,0.59226,0.07479,3942121.80000
3330,1.46054,0.46808,0.30310,0.59240,0.07492,3904738.20000
3340,1.45379,0.46216,0.30249,0.59215,0.07480,3836305.20000
3350,1.44772,0.45773,0.30158,0.59213,0.07473,3762570.30000
3360,1.44359,0.45216,0.30321,0.59190,0.07488,3733896.00000
3370,1.43368,0.44533,0.30033,0.59178,0.07499,3681282.30000
3380,1.42956,0.44508,0.29708,0.59152,0.07498,3576873.00000
3390,1.42754,0.44330,0.29586,0.59225,0.07520,3430349.40000
3400,1.41836,0.43706,0.29208,0.59222,0.07503,3324306.60000
3410,1.40435,0.42498,0.29142,0.59207,0.07537,3184923.60000
3420,1.39878,0.42075,0.29038,0.59174,0.07549,3145787.40000
3430,1.39570,0.41866,0.28966,0.59193,0.07540,3127945.80000
3440,1.39844,0.42015,0.29057,0.59196,0.07507,3117535.20000
3450,1.39615,0.41961,0.28925,0.59197,0.07489,3091011.60000
3460,1.39309,0.41943,0.28699,0.59164,0.07492,3017008.50000
3470,1.38691,0.41376,0.28650,0.59164,0.07476,2921210.70000
3480,1.38986,0.41742,0.28552,0.59145,0.07474,2898400.50000
3490,1.39043,0.42045,0.28303,0.59134,0.07457,2845018.20000
3500,1.38652,0.42120,0.27829,0.59148,0.07498,2804416.20000
3510,1.39240,0.42914,0.27677,0.59120,0.07482,2783746.80000
3520,1.39048,0.43127,0.27323,0.59072,0.07466,2762529.60000
3530,1.37089,0.41740,0.26869,0.59050,0.07464,2734334.40000
3540,1.36164,0.41153,0.26414,0.59123,0.07447,2669907.60000
3550,1.36068,0.41225,0.26293,0.59074,0.07467,2574062.40000
3560,1.36438,0.41766,0.26190,0.59054,0.07463,2542789.50000
3570,1.36457,0.41786,0.26121,0.59046,0.07480,2515193.40000
3580,1.36734,0.41909,0.26261,0.59096,0.07480,2513067.30000
3590,1.37004,0.42060,0.26415,0.59070,0.07460,2510653.80000
3600,1.36883,0.41818,0.26538,0.59082,0.07469,2505327.60000
3610,1.36212,0.41141,0.26572,0.59109,0.07441,2451846.00000
3620,1.35816,0.40528,0.26731,0.59108,0.07456,2369449.20000
3630,1.35846,0.40286,0.27022,0.59102,0.07442,2368488.00000
3640,1.35292,0.39547,0.27200,0.59124,0.07455,2366720.40000
3650,1.35173,0.39155,0.27481,0.59144,0.07454,2366664.00000
3660,1.34878,0.38852,0.27558,0.59131,0.07369,2367744.60000
3670,1.33657,0.38084,0.27241,0.59030,0.07347,2368695.60000
3680,1.33113,0.37463,0.27418,0.58969,0.07312,2365848.60000
3690,1.32823,0.37092,0.27575,0.58917,0.07267,2364962.40000
3700,1.32136,0.36122,0.27999,0.58873,0.07218,2363634.00000
3710,1.31416,0.35216,0.28234,0.58837,0.07170,2357083.20000
3720,1.30277,0.34045,0.28347,0.58809,0.07163,2345174.40000
3730,1.29651,0.33542,0.28329,0.58727,0.07113,2344371.60000
3740,1.29796,0.33777,0.28268,0.58736,0.07083,2333565.30000
3750,1.30505,0.34428,0.28306,0.58726,0.07123,2311080.60000
3760,1.31271,0.35212,0.28372,0.58710,0.07074,2305883.40000
3770,1.30978,0.35336,0.28102,0.58653,0.06986,2302999.80000
3780,1.30350,0.35036,0.27917,0.58590,0.06924,2265827.70000
3790,1.29240,0.34352,0.27566,0.58539,0.06916,2222516.40000
3800,1.28078,0.33412,0.27398,0.58540,0.06885,2151437.40000
3810,1.27344,0.32966,0.27158,0.58474,0.06847,2134032.60000
3820,1.27149,0.33096,0.26932,0.58446,0.06838,2127887.40000
3830,1.27104,0.33350,0.26666,0.58424,0.06793,2126010.00000
3840,1.26649,0.33192,0.26520,0.58365,0.06737,2118342.00000
3850,1.26331,0.33074,0.26386,0.58363,0.06684,2095955.40000
3860,1.26249,0.33153,0.26243,0.58342,0.06677,2075865.60000
3870,1.26256,0.33216,0.26240,0.58315,0.06676,2063674.20000
3880,1.25847,0.33078,0.26038,0.58264,0.06662,2048347.20000
3890,1.25269,0.32695,0.25884,0.58226,0.06652,2017372.20000
3900,1.24185,0.31860,0.25703,0.58162,0.06630,1960983.00000
3910,1.21599,0.29832,0.25137,0.58180,0.06601,1764399.30000
3920,1.19918,0.28170,0.25075,0.58211,0.06625,1687545.00000
3930,1.19944,0.27950,0.25171,0.58279,0.06688,1651183.80000
3940,1.20444,0.28079,0.25379,0.58370,0.06761,1608411.00000
3950,1.21420,0.28585,0.25775,0.58435,0.06841,1564275.00000
3960,1.23162,0.29836,0.26136,0.58495,0.06886,1534349.40000
3970,1.24024,0.30538,0.26240,0.58516,0.06912,1484815.80000
3980,1.23301,0.30027,0.25999,0.58508,0.06897,1368927.60000
3990,1.22298,0.29296,0.25754,0.58497,0.06926,1203030.60000
4000,1.22217,0.29172,0.25762,0.58513,0.06931,1136307.00000
4010,1.22778,0.29474,0.25880,0.58587,0.06980,1136307.00000
4020,1.22439,0.29090,0.25919,0.58612,0.06963,1135353.00000
4030,1.20995,0.27426,0.26026,0.58650,0.07066,1133922.00000
4040,1.20908,0.26991,0.26304,0.58705,0.07065,1127630.10000
4050,1.20844,0.26902,0.26296,0.58738,0.07090,1114198.50000
4060,1.21921,0.27796,0.26359,0.58793,0.07156,1109320.80000
4070,1.26216,0.31626,0.26551,0.58837,0.07146,1097757.00000
4080,1.26902,0.32464,0.26615,0.58819,0.07156,989522.70000
4090,1.26342,0.31854,0.26616,0.58846,0.07198,959068.80000
4100,1.25326,0.30714,0.26663,0.58862,0.07197,955726.80000
4110,1.23748,0.29414,0.26452,0.58854,0.07185,952774.80000
4120,1.22939,0.28820,0.26320,0.58782,0.07191,946752.00000
4130,1.22626,0.28689,0.26186,0.58759,0.07153,946752.00000
4140,1.21322,0.27872,0.25900,0.58662,0.07066,936063.60000
4150,1.16743,0.24143,0.25416,0.58477,0.06922,925034.40000
4160,1.15075,0.23094,0.24921,0.58405,0.06880,847947.60000
4170,1.14900,0.22631,0.25103,0.58452,0.06898,844791.00000
4180,1.15524,0.22830,0.25288,0.58614,0.06974,856005.00000
4190,1.21172,0.26816,0.26356,0.58902,0.07202,937723.20000
4200,1.15024,0.21766,0.25638,0.58626,0.07168,955816.50000
4210,1.10764,0.19054,0.24487,0.58322,0.07104,932270.70000
4220,1.09391,0.18458,0.23860,0.58260,0.07037,835883.10000
4230,1.10678,0.19923,0.23672,0.58289,0.07016,774845.40000
4240,1.07389,0.17993,0.22850,0.57879,0.06847,645792.60000
4250,1.00698,0.13311,0.21343,0.57493,0.06755,626154.90000
4260,0.98327,0.12112,0.20632,0.57151,0.06660,820752.90000
4270,0.96799,0.11731,0.20118,0.56801,0.06414,847883.10000
4280,0.95568,0.10855,0.20012,0.56662,0.06277,851313.60000
4290,1.01150,0.16138,0.20331,0.56700,0.06235,1549581.90000
4300,1.33154,0.43688,0.22776,0.57836,0.06710,4784774.70000
4310,1.69130,0.74029,0.26668,0.58776,0.07188,7443434.10000
4320,1.77511,0.79924,0.28448,0.59137,0.07430,7534573.50000
4330,1.76365,0.78350,0.28826,0.59194,0.07454,7345506.00000
4340,1.75602,0.77661,0.28839,0.59197,0.07433,7293889.50000
4350,1.74683,0.77016,0.28703,0.59149,0.07362,7286704.50000
4360,1.71981,0.75018,0.28275,0.58989,0.07245,7120082.40000
4370,1.72534,0.76538,0.27616,0.58815,0.07126,6876027.00000
4380,1.78002,0.81743,0.27886,0.58820,0.07172,6995521.20000
4390,1.83332,0.85805,0.28639,0.59016,0.07343,7438791.60000
4400,1.84583,0.86259,0.29218,0.59147,0.07429,7806564.60000
4410,1.83909,0.85235,0.29414,0.59212,0.07489,7898038.80000
4420,1.56093,0.62378,0.25644,0.58649,0.07122,5073115.80000
4430,1.06380,0.16340,0.23066,0.58295,0.06876,986856.00000
4440,1.07171,0.16977,0.23205,0.58302,0.06884,1018490.70000
4450,1.07467,0.17185,0.23249,0.58342,0.06854,995847.00000
4460,1.07254,0.16566,0.23531,0.58394,0.06943,826828.20000
4470,1.07639,0.16854,0.23477,0.58472,0.07011,794107.80000
4480,1.07194,0.16643,0.23305,0.58434,0.06997,800317.80000
4490,1.07356,0.16792,0.23304,0.58443,0.06978,768141.00000
4500,1.08706,0.17456,0.23908,0.58519,0.06994,768141.00000
4510,1.08539,0.17367,0.23870,0.58467,0.06984,772944.30000
4520,1.09129,0.18031,0.23626,0.58553,0.07054,728095.20000
4530,1.10246,0.18544,0.23782,0.58780,0.07283,629619.60000
4540,1.09228,0.18186,0.23372,0.58626,0.07198,648370.20000
4550,1.06965,0.17198,0.22686,0.58346,0.06941,645797.40000
4560,1.04719,0.16068,0.22026,0.58070,0.06742,663747.00000
4570,1.02396,0.14735,0.21540,0.57815,0.06531,663747.00000
4580,1.01464,0.14313,0.21258,0.57722,0.06424,673584.00000
4590,1.03742,0.15555,0.21852,0.57976,0.06627,692317.80000
4600,1.06394,0.16917,0.22542,0.58296,0.06860,700212.60000
4610,1.07305,0.17384,0.22849,0.58379,0.06894,710465.40000
4620,1.09235,0.18601,0.23258,0.58530,0.07026,833323.80000
4630,1.08655,0.18380,0.23032,0.58423,0.06971,865845.00000
4640,1.08140,0.18253,0.22822,0.58332,0.06900,907119.00000
4650,1.08309,0.18136,0.23092,0.58356,0.06880,923638.20000
4660,1.02642,0.13944,0.21920,0.58144,0.06806,740826.60000
4670,1.07826,0.18073,0.22903,0.58244,0.06825,963931.80000
4680,1.15421,0.24700,0.24060,0.58179,0.06662,1371031.80000
4690,1.18254,0.26952,0.24731,0.58127,0.06565,1764218.40000
4700,1.19932,0.28788,0.24651,0.58086,0.06550,2104503.30000
4710,1.24016,0.32010,0.25335,0.58129,0.06543,2559327.90000
4720,1.30084,0.37890,0.25378,0.58150,0.06586,3231323.70000
4730,1.31787,0.39907,0.25146,0.58123,0.06562,3460569.00000
4740,1.35315,0.43652,0.24927,0.58098,0.06510,3791779.80000
4750,1.39712,0.48195,0.24808,0.58066,0.06501,4425012.00000
4760,1.45848,0.54555,0.24694,0.57960,0.06416,5111786.40000
4770,1.49980,0.58422,0.24504,0.57898,0.06340,5601058.20000
4780,1.52628,0.61886,0.24305,0.57852,0.06284,6072787.20000
4790,1.55291,0.64780,0.24177,0.57790,0.06256,6587517.30000
4800,1.61747,0.71495,0.23926,0.57761,0.06232,7238693.70000
4810,1.65807,0.76049,0.23543,0.57720,0.06163,7808200.20000
4820,1.66273,0.76764,0.23302,0.57665,0.06042,7888114.80000
4830,1.65217,0.76048,0.23069,0.57656,0.06022,7885347.90000
4840,1.62184,0.73168,0.23029,0.57592,0.05949,7481674.80000
4850,1.58498,0.69803,0.22972,0.57485,0.05862,7328065.20000
4860,1.57870,0.69369,0.22866,0.57436,0.05808,7315021.80000
4870,1.57426,0.69340,0.22516,0.57341,0.05794,7306089.00000
4880,1.56900,0.69054,0.22428,0.57290,0.05704,7306089.00000
4890,1.56175,0.68615,0.22157,0.57292,0.05686,7283698.80000
4900,1.56184,0.69098,0.21872,0.57184,0.05628,7274103.00000
4910,1.55645,0.68691,0.21769,0.57159,0.05618,7304120.70000
4920,1.56125,0.68860,0.21975,0.57171,0.05619,7318312.20000
4930,1.56158,0.69101,0.21869,0.57172,0.05638,7376699.40000
4940,1.56607,0.69525,0.21837,0.57172,0.05608,7431806.40000
4950,1.56316,0.69296,0.21788,0.57172,0.05614,7437498.30000
4960,1.58212,0.70907,0.22060,0.57206,0.05683,7518266.10000
4970,1.59723,0.72008,0.22256,0.57293,0.05732,7544908.50000
4980,1.59928,0.72250,0.22174,0.57307,0.05766,7547026.20000
4990,1.61678,0.73718,0.22425,0.57350,0.05746,7852593.60000
5000,1.65916,0.77314,0.22920,0.57464,0.05829,8264053.50000
5010,1.68485,0.79683,0.23033,0.57487,0.05844,8418276.60000
5020,1.67500,0.78830,0.22858,0.57460,0.05859,8369125.80000
5030,1.68427,0.79585,0.23039,0.57484,0.05862,8442983.70000
5040,1.70452,0.80936,0.23446,0.57658,0.05989,8477408.70000
5050,1.64055,0.74281,0.23448,0.57768,0.06085,7394860.50000
5060,1.43784,0.55108,0.22733,0.57647,0.06094,5500588.80000
5070,1.42246,0.53856,0.22586,0.57581,0.06062,5276821.80000
5080,1.35783,0.47772,0.22427,0.57508,0.05989,4623870.30000
5090,1.30046,0.42488,0.22257,0.57352,0.05924,4173706.20000
5100,1.30901,0.43357,0.22292,0.57332,0.05868,4262943.90000
5110,1.40324,0.52240,0.22575,0.57402,0.05934,5462800.50000
5120,1.55493,0.65965,0.23055,0.57510,0.06049,6951093.90000
5130,1.59722,0.70792,0.22998,0.57495,0.06049,7637121.30000
5140,1.61388,0.72517,0.23008,0.57479,0.06008,7812762.00000
5150,1.64823,0.75776,0.22888,0.57493,0.05965,8153601.90000
5160,1.67743,0.79098,0.22801,0.57479,0.05910,8409669.00000
5170,1.67314,0.78796,0.22727,0.57466,0.05900,8445553.20000
5180,1.67905,0.79377,0.22805,0.57451,0.05872,8473692.90000
5190,1.67774,0.79204,0.22846,0.57437,0.05872,8478084.00000
5200,1.67800,0.79320,0.22810,0.57392,0.05853,8478084.00000
5210,1.68251,0.79645,0.22898,0.57399,0.05879,8484696.60000
5220,1.68534,0.79813,0.22944,0.57403,0.05893,8496360.00000
5230,1.68613,0.80021,0.22914,0.57378,0.05821,8496360.00000
5240,1.67983,0.79389,0.22960,0.57352,0.05806,8496360.00000
5250,1.67278,0.78838,0.22874,0.57326,0.05772,8496360.00000
5260,1.67651,0.79418,0.22721,0.57305,0.05771,8496360.00000
5270,1.66714,0.78580,0.22621,0.57290,0.05771,8496360.00000
5280,1.66461,0.78432,0.22596,0.57252,0.05717,8496360.00000
5290,1.66425,0.78598,0.22486,0.57201,0.05657,8496360.00000
5300,1.66020,0.78434,0.22404,0.57139,0.05569,8496360.00000
5310,1.65774,0.78424,0.22275,0.57101,0.05516,8496356.40000
5320,1.64362,0.77382,0.22075,0.56999,0.05462,8485882.20000
5330,1.62894,0.76015,0.21970,0.56975,0.05492,8219520.60000
5340,1.57126,0.70854,0.21404,0.56879,0.05538,7646179.20000
5350,1.53408,0.67677,0.21008,0.56850,0.05444,7277520.60000
5360,1.49098,0.63876,0.20804,0.56772,0.05268,6951556.80000
5370,1.47311,0.62378,0.20715,0.56686,0.05158,6773201.40000
5380,1.42790,0.58291,0.20473,0.56584,0.05132,6285740.70000
5390,1.31983,0.48270,0.19853,0.56446,0.05240,4708220.40000
5400,1.06325,0.23276,0.19585,0.56194,0.05376,2222066.40000
5410,0.98100,0.15604,0.19180,0.56128,0.05388,1586958.30000
5420,0.90996,0.08876,0.18828,0.56102,0.05438,976652.40000
5430,0.88700,0.06796,0.18616,0.56058,0.05551,791694.30000
5440,0.85534,0.03728,0.18573,0.55944,0.05536,420072.60000
5450,0.84997,0.03142,0.18559,0.55979,0.05606,344217.00000
5460,0.84993,0.03106,0.18554,0.55960,0.05656,344217.00000
5470,0.84967,0.03112,0.18554,0.55920,0.05619,344217.00000
5480,0.84996,0.03101,0.18552,0.55973,0.05603,344217.00000
5490,0.84865,0.03104,0.18559,0.55878,0.05584,344217.00000
