runner_status,runner_experiment,runner_repeat,runner_run_index,runner_result_row,runner_return_code,runner_error,runner_stderr,runner_skip_reason,runner_missing_assets,run-id,run-name,output-filepath,renderer-variant,visibility-debug-mode,donut-linear-gbuffer,variable,to-use-scene,to-load-texture,use-vfc,scene-variant,scene-importer,scene-path,warmup-frames,measure-frames,auto-terminate,vsync,camera-mode,camera-filepath,camera-keyframe-interval,to-set-start-frame,key-frame,profile-window-frames,capture-frames,capture-output-dir,capture-stride,capture-fps,window-width,window-height,seed,material-assign-strategy,material-assign-max-open,material-assign-locality,material-assign-diversity,camera-pos-x,camera-pos-y,camera-pos-z,camera-lookat-x,camera-lookat-y,camera-lookat-z,camera-near-z,camera-far-z,camera-fov,object-count,material-count,geometry-count,overdraw-count,to-remain-only-in-camera,z-min,z-max,xy-minmax,radius,geometry-div,gbuffer-cnt,texture-count,texture-size,texture-sampling-count,alu-calc-count,pass_name_0,pass_0_time_avg_ms,pass_name_1,pass_1_time_avg_ms,pass_name_2,pass_2_time_avg_ms,pass_name_3,pass_3_time_avg_ms,pass_name_4,pass_4_time_avg_ms,pass_name_5,pass_5_time_avg_ms,pass_name_6,pass_6_time_avg_ms,pass_name_7,pass_7_time_avg_ms,pass_name_8,pass_8_time_avg_ms,pass_name_9,pass_9_time_avg_ms,pass_name_10,pass_10_time_avg_ms,pass_name_11,pass_11_time_avg_ms,pass_name_12,pass_12_time_avg_ms,pass_name_13,pass_13_time_avg_ms,pass_name_14,pass_14_time_avg_ms,pass_name_15,pass_15_time_avg_ms,pass_name_16,pass_16_time_avg_ms,pass_name_17,pass_17_time_avg_ms,pass_name_18,pass_18_time_avg_ms,pass_name_19,pass_19_time_avg_ms,pass_name_20,pass_20_time_avg_ms,pass_name_21,pass_21_time_avg_ms,pass_name_22,pass_22_time_avg_ms,pass_name_23,pass_23_time_avg_ms,pass_name_24,pass_24_time_avg_ms,pass_name_25,pass_25_time_avg_ms,pass_name_26,pass_26_time_avg_ms,pass_name_27,pass_27_time_avg_ms,pass_name_28,pass_28_time_avg_ms,pass_name_29,pass_29_time_avg_ms,pass_name_30,pass_30_time_avg_ms,pass_name_31,pass_31_time_avg_ms,renderer_name,run_current_time,camera-mode-name,total_time_min_ms,total_time_median_ms,total_time_max_ms,total_time_avg_ms,total_time_p01_ms,total_time_p10_ms,total_time_p90_ms,total_time_p99_ms,source_material_count,active_material_bin_count,material_bin_compaction_ratio,variable-geometry-count,variable-overdraw-count,variable-waste-quad-count,variable-alu-op-count,param_renderer_variant,param_variable,param_to_use_scene,param_to_load_texture,param_use_vfc,param_scene_variant,param_scene_importer,param_scene_path,param_warmup_frames,param_measure_frames,param_vsync,param_camera_mode,param_camera_filepath,param_camera_keyframe_interval,param_to_set_start_frame,param_key_frame,param_profile_window_frames,param_capture_frames,param_capture_stride,param_capture_fps,param_window_width,param_window_height,param_seed,param_material_assign_strategy,param_material_assign_max_open,param_material_assign_locality,param_material_assign_diversity,param_geometry_div,param_camera_pos_x,param_camera_pos_y,param_camera_pos_z,param_camera_lookat_x,param_camera_lookat_y,param_camera_lookat_z,param_camera_near_z,param_camera_far_z,param_camera_fov,param_object_count,param_material_count,param_geometry_count,param_overdraw_count,param_to_remain_only_in_camera,param_z_min,param_z_max,param_xy_minmax,param_radius,param_gbuffer_cnt,param_texture_count,param_texture_size,param_texture_sampling_count,param_alu_calc_count
fatal_error,33_bistro_pbr_resolution_renderer_compare,,0,,,TVBPerf executable does not exist or is not a file: D:\project\out\build\x64-Release\bin\Release\TVBPerf.exe,,,,,,,,,,,,,,,,,,,,,,,,,,,,,,,,,,,,,,,,,,,,,,,,,,,,,,,,,,,,,,,,,,,,,,,,,,,,,,,,,,,,,,,,,,,,,,,,,,,,,,,,,,,,,,,,,,,,,,,,,,,,,,,,,,,,,,,,,,,,,,,,,,,,,,,,,,,,,,,,,,,,,,,,,,,,,,,,,,,,,,,,,,,,,,,,,,
success,33_bistro_pbr_resolution_renderer_compare,0,0,0,0,,"Scene CPU cache disabled; rebuilding source scene.
[FrameCounter] frames{5620} measure_start{60} measure_end{5560} sample_count{5500} window_frames{60}
Saved CSV: C:\Users\mgkim15\AppData\Local\Temp\tvbperf_27shra3d\run_00000.csv_0_result.csv
Log saved to: D:\project\TVBPerf\out\build\x64-Release\bin\Release\logs\log_2026-07-30_11-12-42.txt",,,0,33_bistro_pbr_resolution_renderer_compare,C:\Users\mgkim15\AppData\Local\Temp\tvbperf_27shra3d\run_00000.csv,8,2,0,0,1,1,1,0,assimp,../../../../../assets/scenes/unpacked/Bistro_v5_2/BistroExterior.fbx,60,5500,1,0,2,../../../../../scripts/standard_camera_bistro.csv,10,0,0,60,0,captures,1,60,640,360,0,1,255,1,1,0,0,-10,0,0,0,0.1,1000,0.785,1,1,1,0,0,-1,1,1,0.5,1,1,1,256,1,100,total,0.17004,depth_prepass,0.06553,geometry,0.07647,lighting,0.01088,tonemap,0.00419,,0.00000,,0.00000,,0.00000,,0.00000,,0.00000,,0.00000,,0.00000,,0.00000,,0.00000,,0.00000,,0.00000,,0.00000,,0.00000,,0.00000,,0.00000,,0.00000,,0.00000,,0.00000,,0.00000,,0.00000,,0.00000,,0.00000,,0.00000,,0.00000,,0.00000,,0.00000,,0.00000,DonutDeferredPrepass,2026-07-30T11:12:36,playback,0.03741,0.14122,0.44470,0.17004,0.04166,0.06778,0.36918,0.43328,132,3,0.02273,4,0,1,100,8,0,1,1,1,0,assimp,../../../../../assets/scenes/unpacked/Bistro_v5_2/BistroExterior.fbx,60,5500,0,2,../../../../../scripts/standard_camera_bistro.csv,10,0,0,60,0,1,60,640,360,0,1,255,1.0,1.0,1,0.0,0.0,-10.0,0.0,0.0,0.0,0.1,1000.0,0.785,1,1,1,0,0,-1.0,1.0,1.0,0.5,1,1,256,1,100
success,33_bistro_pbr_resolution_renderer_compare,0,1,0,0,,"Scene CPU cache disabled; rebuilding source scene.
[FrameCounter] frames{5620} measure_start{60} measure_end{5560} sample_count{5500} window_frames{60}
Saved CSV: C:\Users\mgkim15\AppData\Local\Temp\tvbperf_27shra3d\run_00001.csv_1_result.csv
Log saved to: D:\project\TVBPerf\out\build\x64-Release\bin\Release\logs\log_2026-07-30_11-12-49.txt",,,1,33_bistro_pbr_resolution_renderer_compare,C:\Users\mgkim15\AppData\Local\Temp\tvbperf_27shra3d\run_00001.csv,8,2,0,1,1,1,1,0,assimp,../../../../../assets/scenes/unpacked/Bistro_v5_2/BistroExterior.fbx,60,5500,1,0,2,../../../../../scripts/standard_camera_bistro.csv,10,0,0,60,0,captures,1,60,1920,1080,0,1,255,1,1,0,0,-10,0,0,0,0.1,1000,0.785,1,1,1,0,0,-1,1,1,0.5,1,1,1,256,1,100,total,0.34314,depth_prepass,0.09061,geometry,0.15047,lighting,0.06863,tonemap,0.01970,,0.00000,,0.00000,,0.00000,,0.00000,,0.00000,,0.00000,,0.00000,,0.00000,,0.00000,,0.00000,,0.00000,,0.00000,,0.00000,,0.00000,,0.00000,,0.00000,,0.00000,,0.00000,,0.00000,,0.00000,,0.00000,,0.00000,,0.00000,,0.00000,,0.00000,,0.00000,,0.00000,DonutDeferredPrepass,2026-07-30T11:12:42,playback,0.10634,0.32790,0.74915,0.34314,0.11091,0.25158,0.48710,0.54182,132,3,0.02273,4,0,1,100,8,1,1,1,1,0,assimp,../../../../../assets/scenes/unpacked/Bistro_v5_2/BistroExterior.fbx,60,5500,0,2,../../../../../scripts/standard_camera_bistro.csv,10,0,0,60,0,1,60,1920,1080,0,1,255,1.0,1.0,1,0.0,0.0,-10.0,0.0,0.0,0.0,0.1,1000.0,0.785,1,1,1,0,0,-1.0,1.0,1.0,0.5,1,1,256,1,100
success,33_bistro_pbr_resolution_renderer_compare,0,2,0,0,,"Scene CPU cache disabled; rebuilding source scene.
[FrameCounter] frames{5620} measure_start{60} measure_end{5560} sample_count{5500} window_frames{60}
Saved CSV: C:\Users\mgkim15\AppData\Local\Temp\tvbperf_27shra3d\run_00002.csv_2_result.csv
Log saved to: D:\project\TVBPerf\out\build\x64-Release\bin\Release\logs\log_2026-07-30_11-12-56.txt",,,2,33_bistro_pbr_resolution_renderer_compare,C:\Users\mgkim15\AppData\Local\Temp\tvbperf_27shra3d\run_00002.csv,9,2,0,2,1,1,1,0,assimp,../../../../../assets/scenes/unpacked/Bistro_v5_2/BistroExterior.fbx,60,5500,1,0,2,../../../../../scripts/standard_camera_bistro.csv,10,0,0,60,0,captures,1,60,640,360,0,1,255,1,1,0,0,-10,0,0,0,0.1,1000,0.785,1,1,1,0,0,-1,1,1,0.5,1,1,1,256,1,100,total,0.21700,visibility,0.11587,visutil_histogram,0.00527,visutil_prefix,0.00199,visutil_flatten,0.00623,gbuffer,0.04208,lighting,0.01018,tonemap,0.00426,,0.00000,,0.00000,,0.00000,,0.00000,,0.00000,,0.00000,,0.00000,,0.00000,,0.00000,,0.00000,,0.00000,,0.00000,,0.00000,,0.00000,,0.00000,,0.00000,,0.00000,,0.00000,,0.00000,,0.00000,,0.00000,,0.00000,,0.00000,,0.00000,DonutVisGBuffer,2026-07-30T11:12:50,playback,0.08470,0.18806,0.67501,0.21700,0.09571,0.12314,0.38717,0.43811,132,3,0.02273,4,0,1,100,9,2,1,1,1,0,assimp,../../../../../assets/scenes/unpacked/Bistro_v5_2/BistroExterior.fbx,60,5500,0,2,../../../../../scripts/standard_camera_bistro.csv,10,0,0,60,0,1,60,640,360,0,1,255,1.0,1.0,1,0.0,0.0,-10.0,0.0,0.0,0.0,0.1,1000.0,0.785,1,1,1,0,0,-1.0,1.0,1.0,0.5,1,1,256,1,100
success,33_bistro_pbr_resolution_renderer_compare,0,3,0,0,,"Scene CPU cache disabled; rebuilding source scene.
[FrameCounter] frames{5620} measure_start{60} measure_end{5560} sample_count{5500} window_frames{60}
Saved CSV: C:\Users\mgkim15\AppData\Local\Temp\tvbperf_27shra3d\run_00003.csv_3_result.csv
Log saved to: D:\project\TVBPerf\out\build\x64-Release\bin\Release\logs\log_2026-07-30_11-13-04.txt",,,3,33_bistro_pbr_resolution_renderer_compare,C:\Users\mgkim15\AppData\Local\Temp\tvbperf_27shra3d\run_00003.csv,9,2,0,3,1,1,1,0,assimp,../../../../../assets/scenes/unpacked/Bistro_v5_2/BistroExterior.fbx,60,5500,1,0,2,../../../../../scripts/standard_camera_bistro.csv,10,0,0,60,0,captures,1,60,1920,1080,0,1,255,1,1,0,0,-10,0,0,0,0.1,1000,0.785,1,1,1,0,0,-1,1,1,0.5,1,1,1,256,1,100,total,0.49507,visibility,0.16113,visutil_histogram,0.02182,visutil_prefix,0.00210,visutil_flatten,0.02935,gbuffer,0.15671,lighting,0.07333,tonemap,0.01892,,0.00000,,0.00000,,0.00000,,0.00000,,0.00000,,0.00000,,0.00000,,0.00000,,0.00000,,0.00000,,0.00000,,0.00000,,0.00000,,0.00000,,0.00000,,0.00000,,0.00000,,0.00000,,0.00000,,0.00000,,0.00000,,0.00000,,0.00000,,0.00000,DonutVisGBuffer,2026-07-30T11:12:56,playback,0.17834,0.48864,0.73443,0.49507,0.18515,0.39930,0.62371,0.68394,132,3,0.02273,4,0,1,100,9,3,1,1,1,0,assimp,../../../../../assets/scenes/unpacked/Bistro_v5_2/BistroExterior.fbx,60,5500,0,2,../../../../../scripts/standard_camera_bistro.csv,10,0,0,60,0,1,60,1920,1080,0,1,255,1.0,1.0,1,0.0,0.0,-10.0,0.0,0.0,0.0,0.1,1000.0,0.785,1,1,1,0,0,-1.0,1.0,1.0,0.5,1,1,256,1,100
